id,url,spawn,hunt_date,duration,minutes,party_size,party_comp,min_lvl,max_lvl,avg_lvl,has_creature_stats,xp_gain,raw_xp_gain,balance,supplies_total,loot_total,supplies_known,xp_h,raw_xp_h,balance_h,loot_h,query_min,query_max,query_party,query_search
24692,https://www.hunt-analyser.com/hunt_sessions/24692,Cults yalahar,"Feb 17, 2025 08:24",01:08h,68,1,ED 95,95,95,95,1,332790,0,192348,54593,246941,1,293638,0,169718,217889.0,0,0,,cults
2884,https://www.hunt-analyser.com/hunt_sessions/2884,Nightmare Scion Task,"May 30, 2024 15:38",00:53h,53,1,RP 90,90,90,90,1,890928,593953,-19045,49539,30494,1,1008597,672399,-21561,34522.0,50,100,Solo,
29463,https://www.hunt-analyser.com/hunt_sessions/29463,Monk Hunt #7 Middle Spike,"May 02, 2025 20:03",01:34h,94,1,EM 53,53,53,53,1,1689090,563030,-91873,166930,75057,1,1078142,359380,-58643,47909.0,50,100,Solo,
29500,https://www.hunt-analyser.com/hunt_sessions/29500,Monk Hunt #8 Middle Spike,"May 03, 2025 11:32",01:03h,63,1,EM 64,64,64,64,1,1799686,487047,-64367,109822,45455,1,1713986,463854,-61302,43290.0,50,100,Solo,
29576,https://www.hunt-analyser.com/hunt_sessions/29576,Monk Hunt #9 Middle Spike,"May 04, 2025 13:55",00:44h,44,1,EM 74,74,74,74,1,1397340,465780,-56842,98948,42106,1,1905463,635154,-77512,57417.0,50,100,Solo,
29641,https://www.hunt-analyser.com/hunt_sessions/29641,Monk Hunt #10 Last Middle Spike Hunt :(,"May 05, 2025 17:31",00:30h,30,1,EM 79,79,79,79,1,555502,370335,-30887,60983,30096,1,1111004,740670,-61774,60192.0,50,100,Solo,
29651,https://www.hunt-analyser.com/hunt_sessions/29651,Monk Hunt #11,"May 05, 2025 21:46",00:20h,20,1,EM 81,81,81,81,1,404672,269782,4222,41312,45534,1,1214016,809346,12666,136602.0,50,100,Solo,
29679,https://www.hunt-analyser.com/hunt_sessions/29679,Monk Hunt #12 Feyrist Dark Cave,"May 06, 2025 16:42",00:31h,31,1,EM 88,88,88,88,1,564285,376190,21272,81548,102820,1,1092164,728109,41171,199006.0,50,100,Solo,
29732,https://www.hunt-analyser.com/hunt_sessions/29732,Monk Hunt #13,"May 07, 2025 17:16",00:31h,31,1,EM 92,92,92,92,1,1183053,542805,-39815,87648,47833,1,2289780,1050590,-77062,92580.0,50,100,Solo,
29859,https://www.hunt-analyser.com/hunt_sessions/29859,Monk Hunt #14 Feyrist Dark Creatures,"May 10, 2025 21:52",00:33h,33,1,EM 96,96,96,96,1,767254,511504,11560,82570,94130,1,1395007,930007,21018,171145.0,50,100,Solo,
30000,https://www.hunt-analyser.com/hunt_sessions/30000,Monk Hunt #15 Feyrist Dark Creatures,"May 13, 2025 21:10",01:15h,75,1,EM 98,98,98,98,1,1821030,1214020,81587,181166,262753,1,1456824,971216,65269,210202.0,50,100,Solo,
36270,https://www.hunt-analyser.com/hunt_sessions/36270,MoTA - Fury lvl 48,"Sep 06, 2025 12:07",00:50h,50,1,ED 63,63,63,63,1,817807,0,47589,100172,147761,1,981368,0,57106,177313.0,50,100,Solo,
36271,https://www.hunt-analyser.com/hunt_sessions/36271,Ancient Scarabs - Ankrahmun lvl 55,"Sep 07, 2025 00:41",01:17h,77,1,ED 63,63,63,63,1,1157895,0,-71664,76007,4343,1,902255,0,-55843,3384.0,50,100,Solo,
52279,https://www.hunt-analyser.com/hunt_sessions/52279,Crypt Warrior,"Jul 28, 2026 09:45",00:28h,28,1,,,,75,1,3942178,2628120,317916,0,317916,0,8447524,5631685,681248,681249.0,50,100,Solo,
52560,https://www.hunt-analyser.com/hunt_sessions/52560,Edron Vampire Crypts,"Jul 31, 2026 11:55",00:37h,37,1,EM 82,82,82,82,1,199439,132984,13256,25303,38559,1,323414,215649,21496,62528.0,0,0,,vampire
52572,https://www.hunt-analyser.com/hunt_sessions/52572,Port Hope Spider Cave,"Jul 31, 2026 15:40",01:00h,60,1,EM 82,82,82,82,1,376290,250860,11549,51679,63228,1,376290,250860,11549,63228.0,50,100,Solo,
52667,https://www.hunt-analyser.com/hunt_sessions/52667,Port Hope Spider Cave,"Aug 01, 2026 17:33",01:00h,60,1,EM 84,84,84,84,1,616481,277452,-6279,58978,52699,1,616481,277452,-6279,52699.0,50,100,Solo,
52773,https://www.hunt-analyser.com/hunt_sessions/52773,Port Hope Water Elementals (South),"Aug 02, 2026 21:36",00:32h,32,1,EM 88,88,88,88,1,198270,132180,2095,19052,21147,1,371756,247837,3928,39651.0,50,100,Solo,
52823,https://www.hunt-analyser.com/hunt_sessions/52823,Liberty Bay Quara Grotto,"Aug 03, 2026 13:40",00:22h,22,1,EM 90,90,90,90,1,133995,89330,5960,18468,24428,1,365440,243627,16254,66622.0,0,0,,quara
53124,https://www.hunt-analyser.com/hunt_sessions/53124,Yalahar Bog Raiders Central,"Aug 06, 2026 16:03",00:30h,30,1,EM 94,94,94,94,1,314671,209781,-8630,46342,37712,1,629342,419562,-17260,75424.0,50,100,Solo,
57092,https://www.hunt-analyser.com/hunt_sessions/57092,Norc Castle,"Sep 17, 2026 03:56",00:15h,15,1,ED 80,80,80,80,1,1724892,1724892,219613,112302,331915,1,6899568,6899568,878452,1327660.0,50,100,Solo,
7709,https://www.hunt-analyser.com/hunt_sessions/7709,Cults Yalahar,"Oct 30, 2024 22:41",01:12h,72,1,MS 52,52,52,52,1,268877,179252,142027,48607,190634,1,224064,149376,118355,158862.0,0,0,,cults
7885,https://www.hunt-analyser.com/hunt_sessions/7885,Cults Yalahar,"Nov 01, 2024 20:42",01:57h,117,1,MS 54,54,54,54,1,465898,310599,382630,97118,479748,1,238922,159281,196220,246025.0,0,0,,cults
7991,https://www.hunt-analyser.com/hunt_sessions/7991,Cults Yalahar,"Nov 03, 2024 00:43",01:00h,60,1,MS 61,61,61,61,1,264486,176325,157826,51238,209064,1,264486,176325,157826,209064.0,0,0,,cults
8019,https://www.hunt-analyser.com/hunt_sessions/8019,Cults Yalahar,"Nov 03, 2024 09:58",02:26h,146,1,MS 62,62,62,62,1,573740,382495,346772,124645,471417,1,235783,157189,142509,193733.0,0,0,,cults
8063,https://www.hunt-analyser.com/hunt_sessions/8063,Cults Yalahar,"Nov 03, 2024 19:03",01:12h,72,1,MS 65,65,65,65,1,290684,193792,211486,58372,269858,1,242236,161493,176238,224882.0,0,0,,cults
8186,https://www.hunt-analyser.com/hunt_sessions/8186,Tumba Edron,"Nov 04, 2024 23:02",01:36h,96,1,MS 67,67,67,67,1,406789,271589,349727,78160,427887,1,254243,169743,218579,267429.0,50,100,Solo,
8259,https://www.hunt-analyser.com/hunt_sessions/8259,Tumba Edron,"Nov 05, 2024 21:57",01:38h,98,1,MS 69,69,69,69,1,432826,288998,369927,90642,460569,1,264995,176937,226485,281981.0,50,100,Solo,
1109,https://www.hunt-analyser.com/hunt_sessions/1109,Carlin cults -1-2,"Feb 18, 2024 13:41",00:31h,31,1,EK 127,127,127,127,1,732476,487998,-42890,79985,37095,1,1417695,944512,-83013,71797.0,0,0,,cults
2394,https://www.hunt-analyser.com/hunt_sessions/2394,Barkless at 163,"Apr 27, 2024 09:26",00:30h,30,1,EK 162,162,162,162,1,2210175,1017700,-120612,120612,0,1,4420350,2035400,-241224,0.0,100,200,Solo,
24526,https://www.hunt-analyser.com/hunt_sessions/24526,Vandura Wyrm Lairs,"Feb 15, 2025 10:18",00:56h,56,1,RP 101,101,101,101,1,650470,332010,-7026,43076,36050,1,696932,355725,-7528,38625.0,100,200,Solo,
24985,https://www.hunt-analyser.com/hunt_sessions/24985,Exotic cave,"Feb 18, 2025 23:31",00:26h,26,1,RP 105,105,105,105,1,305787,203859,38533,52244,90777,1,705662,470443,88922,209485.0,100,200,Solo,
27200,https://www.hunt-analyser.com/hunt_sessions/27200,Exotic cave,"Mar 12, 2025 11:01",00:18h,18,1,RP 141,141,141,141,1,367832,245222,63919,21516,85435,1,1226106,817406,213063,284783.0,100,200,Solo,
28023,https://www.hunt-analyser.com/hunt_sessions/28023,Pirat Wreckoning,"Apr 01, 2025 07:51",00:16h,16,1,MS 173,173,173,173,1,1161945,0,112726,55535,168261,1,4357293,0,422722,630979.0,100,200,Solo,
28097,https://www.hunt-analyser.com/hunt_sessions/28097,Feyrist Mountains,"Apr 02, 2025 22:13",00:41h,41,1,RP 170,170,170,170,1,889455,592970,72865,178144,251009,1,1301641,867760,106631,367330.0,100,200,Solo,
28098,https://www.hunt-analyser.com/hunt_sessions/28098,Deep Hub Magma Dungeon,"Apr 02, 2025 23:25",00:20h,20,1,RP 171,171,171,171,1,628092,418728,-86272,86272,0,1,1884276,1256184,-258816,0.0,100,200,Solo,
28101,https://www.hunt-analyser.com/hunt_sessions/28101,Oramond Quaras,"Apr 03, 2025 07:39",00:27h,27,1,MS 178,178,178,178,1,865909,577296,-77421,109568,32147,1,1924242,1282880,-172047,71438.0,0,0,,quara
28952,https://www.hunt-analyser.com/hunt_sessions/28952,[ED] Chosens,"Apr 21, 2025 11:38",01:30h,90,1,ED 171,171,171,171,1,1722860,1148574,126297,108554,234851,1,1148573,765716,84198,156567.0,100,200,Solo,
28973,https://www.hunt-analyser.com/hunt_sessions/28973,dragon hatchling test hunt,"Apr 21, 2025 14:27",00:20h,20,1,MS 116,116,116,116,1,57342,0,-4506,7862,3356,1,172026,0,-13518,10068.0,100,200,Solo,
29000,https://www.hunt-analyser.com/hunt_sessions/29000,Dworcs port hope,"Apr 21, 2025 23:33",00:32h,32,1,,,,150,1,38424,0,4146,0,4146,0,72045,0,7773,7774.0,100,200,Solo,
29002,https://www.hunt-analyser.com/hunt_sessions/29002,Feyrist west,"Apr 22, 2025 01:10",01:08h,68,1,,,,150,1,358215,0,3434,0,3434,0,316072,0,3030,3030.0,100,200,Solo,
29013,https://www.hunt-analyser.com/hunt_sessions/29013,Exotic cave,"Apr 21, 2025 14:46",01:05h,65,1,RP 180,180,180,180,1,2623892,1260595,120806,261222,382028,1,2422054,1163626,111513,352641.0,100,200,Solo,
29183,https://www.hunt-analyser.com/hunt_sessions/29183,vampire edron,"Apr 26, 2025 01:35",00:27h,27,0,,,,,1,137420,0,32948,0,32948,0,305377,0,73217,73218.0,0,0,,vampire
29417,https://www.hunt-analyser.com/hunt_sessions/29417,exotic cave,"May 02, 2025 01:33",00:51h,51,1,,,,150,1,585140,0,13464,0,13464,0,688400,0,15840,15840.0,100,200,Solo,
29458,https://www.hunt-analyser.com/hunt_sessions/29458,edron vampires,"May 02, 2025 11:46",01:43h,103,0,,,,,1,1245336,0,12086,0,12086,0,725438,0,7040,7040.0,0,0,,vampire
29965,https://www.hunt-analyser.com/hunt_sessions/29965,werehyena monk 178,"May 12, 2025 19:15",02:48h,168,1,EM 176,176,176,176,1,2706327,2250996,354870,420760,775630,1,966545,803927,126739,277011.0,0,0,,werehyena
30044,https://www.hunt-analyser.com/hunt_sessions/30044,Monk Hunt #16 Feyrist Dark Cave,"May 14, 2025 19:10",01:15h,75,1,EM 102,102,102,102,1,3621375,1263917,15897,171278,187175,1,2897100,1011133,12717,149740.0,100,200,Solo,
30149,https://www.hunt-analyser.com/hunt_sessions/30149,werehyena monk 184,"May 16, 2025 17:13",01:19h,79,1,EM 183,183,183,183,1,1172962,781975,104888,139730,244618,1,890857,593905,79661,185786.0,0,0,,werehyena
30150,https://www.hunt-analyser.com/hunt_sessions/30150,glooth tower,"May 16, 2025 18:35",00:15h,15,1,EM 183,183,183,183,1,602406,401625,29559,91505,121064,1,2409624,1606500,118236,484256.0,0,0,,glooth
30153,https://www.hunt-analyser.com/hunt_sessions/30153,GLOOTH TOWER MONK 185,"May 16, 2025 18:55",00:31h,31,1,EM 183,183,183,183,1,1467487,978385,5616,236575,242191,1,2840297,1893648,10869,468757.0,0,0,,glooth
30155,https://www.hunt-analyser.com/hunt_sessions/30155,glooth tower monk 186,"May 16, 2025 19:53",00:30h,30,1,EM 183,183,183,183,1,1415692,943842,88729,233218,321947,1,2831384,1887684,177458,643894.0,0,0,,glooth
30160,https://www.hunt-analyser.com/hunt_sessions/30160,glooth tower monk,"May 16, 2025 20:34",00:38h,38,1,EM 183,183,183,183,1,1408544,939082,109863,170644,280507,1,2224016,1482761,173467,442906.0,0,0,,glooth
31405,https://www.hunt-analyser.com/hunt_sessions/31405,werehyaena,"Jun 14, 2025 14:23",00:27h,27,1,,,,150,1,156424,0,5338,0,5338,0,347608,0,11862,11862.0,100,200,Solo,
31418,https://www.hunt-analyser.com/hunt_sessions/31418,Yielothax,"Jun 14, 2025 22:34",00:47h,47,1,MS 118,118,118,118,1,736599,0,-15705,54876,39171,1,940339,0,-20049,50006.0,100,200,Solo,
31920,https://www.hunt-analyser.com/hunt_sessions/31920,Yielothax con soft boots,"Jun 26, 2025 09:44",00:46h,46,1,MS 115,115,115,115,1,270465,0,-7223,23042,15819,1,352780,0,-9422,20633.0,100,200,Solo,
32482,https://www.hunt-analyser.com/hunt_sessions/32482,werehyaena avalanche hunt,"Jul 07, 2025 14:52",00:22h,22,1,,,,150,1,211200,0,9159,0,9159,0,576000,0,24979,24979.0,100,200,Solo,
32487,https://www.hunt-analyser.com/hunt_sessions/32487,Yielothax,"Jul 07, 2025 17:30",00:32h,32,1,,,,150,1,219525,0,-22762,0,-22762,0,411609,0,-42679,-42679.0,100,200,Solo,
32499,https://www.hunt-analyser.com/hunt_sessions/32499,sphinx & lamassu,"Jul 07, 2025 23:56",00:46h,46,1,,,,150,1,520882,0,-77220,0,-77220,0,679411,0,-100722,-100722.0,100,200,Solo,
33108,https://www.hunt-analyser.com/hunt_sessions/33108,exotic cave -1,"Jul 19, 2025 01:34",00:23h,23,1,,,,150,1,199061,0,-2379,0,-2379,0,519289,0,-6207,-6206.0,100,200,Solo,
33187,https://www.hunt-analyser.com/hunt_sessions/33187,wherehyaenas,"Jul 20, 2025 09:31",00:21h,21,1,,,,150,1,144580,0,23344,0,23344,0,413085,0,66697,66697.0,100,200,Solo,
33193,https://www.hunt-analyser.com/hunt_sessions/33193,ghastly dragon,"Jul 20, 2025 10:06",00:55h,55,1,,,,150,1,461490,0,27990,0,27990,0,503443,0,30534,30535.0,100,200,Solo,
33258,https://www.hunt-analyser.com/hunt_sessions/33258,ghastly + chosens,"Jul 21, 2025 16:13",01:23h,83,1,,,,150,1,464242,0,90858,0,90858,0,335596,0,65680,65680.0,100,200,Solo,
33424,https://www.hunt-analyser.com/hunt_sessions/33424,lizard chosen & ghastly dragon,"Jul 24, 2025 00:36",00:54h,54,0,,,,,1,393935,0,88150,0,88150,0,437705,0,97944,97944.0,0,0,,lizard
33425,https://www.hunt-analyser.com/hunt_sessions/33425,grimvale,"Jul 24, 2025 03:21",00:39h,39,1,,,,150,1,310005,0,76011,0,76011,0,476930,0,116940,116940.0,100,200,Solo,
33445,https://www.hunt-analyser.com/hunt_sessions/33445,2. Hydra Medusa Serpent Spawn Deep Banuta,"Jul 24, 2025 17:09",00:42h,42,1,EM 182,182,182,182,1,1197112,798075,60469,184298,244767,1,1710160,1140107,86384,349667.0,0,0,,banuta
34016,https://www.hunt-analyser.com/hunt_sessions/34016,goroma medusa & serpent spawn,"Aug 03, 2025 10:42",01:23h,83,0,,,,,1,872773,0,16394,0,16394,0,630920,0,11851,11851.0,0,0,,medusa
35841,https://www.hunt-analyser.com/hunt_sessions/35841,Monk Solo - Lavas,"Sep 02, 2025 07:30",01:13h,73,1,EM 136,136,136,136,1,3411900,1912400,-157622,157622,0,1,2804301,1571835,-129553,0.0,100,200,Solo,
37083,https://www.hunt-analyser.com/hunt_sessions/37083,Edron Were cave1,"Sep 23, 2025 10:34",00:34h,34,1,ED 167,167,167,167,1,514259,0,87479,65722,153201,1,907515,0,154374,270355.0,100,200,Solo,
37085,https://www.hunt-analyser.com/hunt_sessions/37085,Edron Were cave2,"Sep 23, 2025 12:13",00:24h,24,1,ED 168,168,168,168,1,469458,306572,5477,52480,57957,1,1173645,766430,13692,144892.0,100,200,Solo,
37180,https://www.hunt-analyser.com/hunt_sessions/37180,Edron Were cave3,"Sep 24, 2025 18:22",00:26h,26,1,ED 168,168,168,168,1,507913,338612,12841,58512,71353,1,1172106,781412,29633,164661.0,100,200,Solo,
37608,https://www.hunt-analyser.com/hunt_sessions/37608,Edron Werecave with 5 bosses,"Oct 01, 2025 10:57",00:20h,20,1,ED 172,172,172,172,1,384590,256397,65879,50327,116206,1,1153770,769191,197637,348618.0,100,200,Solo,
38346,https://www.hunt-analyser.com/hunt_sessions/38346,Exotic cave spider -1 -2   MK 188,"Oct 16, 2025 04:28",00:30h,30,1,EM 188,188,188,188,1,839477,559656,107395,77365,184760,1,1678954,1119312,214790,369520.0,100,200,Solo,
38793,https://www.hunt-analyser.com/hunt_sessions/38793,Asura Palace,"Oct 25, 2025 23:55",00:38h,38,1,EM 186,186,186,186,1,2527553,1331864,31417,295226,326643,1,3990873,2102943,49605,515752.0,0,0,,asura
38812,https://www.hunt-analyser.com/hunt_sessions/38812,Drefia Grim Reaper,"Oct 26, 2025 12:50",00:35h,35,1,EM 188,188,188,188,1,1417791,945195,-70150,162100,91950,1,2430498,1620334,-120258,157629.0,100,200,Solo,
38835,https://www.hunt-analyser.com/hunt_sessions/38835,Yalahar Grim Reaper,"Oct 26, 2025 21:32",00:49h,49,1,EM 189,189,189,189,1,2556300,1704200,-161402,358036,196634,1,3130163,2086775,-197636,240776.0,100,200,Solo,
38836,https://www.hunt-analyser.com/hunt_sessions/38836,Yalahar Grim Reaper,"Oct 26, 2025 22:35",00:54h,54,1,EM 189,189,189,189,1,3439632,2293088,-200490,448326,247836,1,3821813,2547875,-222767,275373.0,100,200,Solo,
38955,https://www.hunt-analyser.com/hunt_sessions/38955,Yalahar Grim Reaper,"Oct 29, 2025 09:16",00:54h,54,1,EM 193,193,193,193,1,4953525,2619800,-95114,381512,286398,1,5503916,2910888,-105683,318220.0,100,200,Solo,
39300,https://www.hunt-analyser.com/hunt_sessions/39300,cult carlin com party,"Nov 05, 2025 21:07",00:27h,27,1,EM 101,101,101,101,1,297065,198117,-45364,51645,6281,1,660144,440260,-100809,13958.0,100,200,Solo,
39992,https://www.hunt-analyser.com/hunt_sessions/39992,werehyena teste,"Nov 19, 2025 13:44",00:28h,28,1,RP 165,165,165,165,1,743160,495440,11390,167420,178810,1,1592485,1061657,24407,383164.0,0,0,,werehyena
40531,https://www.hunt-analyser.com/hunt_sessions/40531,Lizard City,"Nov 30, 2025 10:17",02:01h,121,1,ED 153,153,153,153,1,1358469,905648,-53625,166594,112969,1,673620,449081,-26591,56018.0,0,0,,lizard
40912,https://www.hunt-analyser.com/hunt_sessions/40912,Oramond Slums,"Dec 08, 2025 14:50",00:14h,14,1,EM 158,158,158,158,1,383867,255922,27703,74388,102091,1,1645144,1096808,118727,437533.0,100,200,Solo,
41129,https://www.hunt-analyser.com/hunt_sessions/41129,Lizards,"Dec 13, 2025 09:43",00:32h,32,1,ED 117,117,117,117,1,81716,54478,-2228,8520,6292,1,153217,102146,-4178,11798.0,0,0,,lizard
43891,https://www.hunt-analyser.com/hunt_sessions/43891,Glooth Bandit,"Feb 21, 2026 21:31",01:42h,102,1,MS 195,195,195,195,1,1437693,1437693,348855,167317,516172,1,845701,845701,205208,303631.0,0,0,,glooth
43941,https://www.hunt-analyser.com/hunt_sessions/43941,mini rosha,"Feb 23, 2026 05:07",00:33h,33,1,,,,150,1,638850,0,48047,0,48047,0,1161545,0,87358,87358.0,100,200,Solo,
47748,https://www.hunt-analyser.com/hunt_sessions/47748,Exotic Cave,"May 22, 2026 15:49",00:33h,33,1,EK 147,147,147,147,1,410814,0,-659,101836,101177,1,746934,0,-1199,183958.0,100,200,Solo,
49116,https://www.hunt-analyser.com/hunt_sessions/49116,gazer sceptre,"Jun 19, 2026 18:37",00:30h,30,1,ED 180,180,180,180,1,1854090,1236060,136327,149161,285488,1,3708180,2472120,272654,570976.0,100,200,Solo,
49117,https://www.hunt-analyser.com/hunt_sessions/49117,gazer sceptre,"Jun 19, 2026 15:06",00:35h,35,1,ED 180,180,180,180,1,2091893,1097660,162630,154870,317500,1,3586102,1881702,278794,544286.0,100,200,Solo,
50575,https://www.hunt-analyser.com/hunt_sessions/50575,lavas with prey,"Jul 07, 2026 10:44",01:43h,103,1,ED 173,173,173,173,1,6480071,3097178,-317787,317787,0,1,3774798,1804181,-185119,0.0,100,200,Solo,
51512,https://www.hunt-analyser.com/hunt_sessions/51512,Hero Fortres,"Jul 17, 2026 19:32",00:41h,41,1,ED 121,121,121,121,1,569321,379564,64559,24354,88913,1,833152,555459,94476,130117.0,100,200,Solo,
52059,https://www.hunt-analyser.com/hunt_sessions/52059,Vampire Crypt (Edron),"Jul 25, 2026 00:41",00:57h,57,1,RP 169,169,169,169,1,1308129,0,348778,26066,374844,1,1376977,0,367134,394573.0,0,0,,vampire
52356,https://www.hunt-analyser.com/hunt_sessions/52356,Dark Fauns -2,"Jul 29, 2026 02:41",00:30h,30,1,RP 169,169,169,169,1,855848,0,163742,36007,199749,1,1711696,0,327484,399498.0,100,200,Solo,
53070,https://www.hunt-analyser.com/hunt_sessions/53070,Cults Carlin,"Aug 05, 2026 22:45",00:28h,28,0,,,,,1,786075,524050,32684,0,32684,0,1684446,1122964,70037,70037.0,0,0,,cults
55180,https://www.hunt-analyser.com/hunt_sessions/55180,Ravenous Lava Lurker #1,"Aug 27, 2026 09:28",00:10h,10,1,EM 176,176,176,176,1,314653,0,-6490,6490,0,1,1887918,0,-38940,0.0,100,200,Solo,
55979,https://www.hunt-analyser.com/hunt_sessions/55979,Oramond West #1,"Sep 05, 2026 12:01",00:39h,39,1,EM 181,181,181,181,1,1973326,549703,326878,22690,349568,1,3035886,845696,502889,537797.0,100,200,Solo,
8446,https://www.hunt-analyser.com/hunt_sessions/8446,Cults Carlin,"Nov 07, 2024 02:26",00:30h,30,1,EK 127,127,127,127,1,777660,518440,-3200,86715,83515,1,1555320,1036880,-6400,167030.0,0,0,,cults
9088,https://www.hunt-analyser.com/hunt_sessions/9088,DL POI,"Nov 11, 2024 20:29",00:45h,45,1,ED 165,165,165,165,1,1186794,578340,-93580,211288,117708,1,1582392,771120,-124774,156944.0,100,200,Solo,
31452,https://www.hunt-analyser.com/hunt_sessions/31452,Edron vampire lair,"Jun 15, 2025 14:11",00:55h,55,0,,,,,1,915819,0,-20943,0,-20943,0,999075,0,-22847,-22847.0,0,0,,vampire
31602,https://www.hunt-analyser.com/hunt_sessions/31602,yalahar pirates,"Jun 18, 2025 12:52",00:23h,23,1,,,,250,1,76898,0,35910,0,35910,0,200603,0,93678,93678.0,200,300,Solo,
31664,https://www.hunt-analyser.com/hunt_sessions/31664,GT ZAO,"Jun 19, 2025 22:00",00:34h,34,1,RP 286,286,286,286,1,141140,94094,85414,48859,134273,1,249070,166048,150730,236952.0,200,300,Solo,
31680,https://www.hunt-analyser.com/hunt_sessions/31680,Grim reaper monk,"Jun 20, 2025 10:55",00:57h,57,1,EM 269,269,269,269,1,4557300,3038200,91005,315999,407004,1,4797157,3198105,95794,428425.0,200,300,Solo,
31790,https://www.hunt-analyser.com/hunt_sessions/31790,mini rosha,"Jun 23, 2025 12:51",01:05h,65,1,,,,250,1,-2112221,0,133388,0,133388,0,-1949743,0,123127,123127.0,200,300,Solo,
31796,https://www.hunt-analyser.com/hunt_sessions/31796,Vampire crypt (Edron),"Jun 23, 2025 16:02",00:58h,58,1,RP 208,208,208,208,1,733079,488775,27173,113026,140199,1,758357,505629,28110,145033.0,0,0,,vampire
31801,https://www.hunt-analyser.com/hunt_sessions/31801,mini rosha sooft boots,"Jun 23, 2025 20:26",00:50h,50,1,,,,250,1,637482,0,84220,0,84220,0,764978,0,101064,101064.0,200,300,Solo,
32006,https://www.hunt-analyser.com/hunt_sessions/32006,mirror,"Jun 27, 2025 14:52",00:48h,48,1,EM 276,276,276,276,1,5970858,2653802,265685,328282,593967,1,7463572,3317252,332106,742459.0,200,300,Solo,
32008,https://www.hunt-analyser.com/hunt_sessions/32008,mirror monk,"Jun 27, 2025 14:52",02:20h,140,1,EM 276,276,276,276,1,16016583,7197711,687299,922995,1610294,1,6864249,3084733,294556,690126.0,200,300,Solo,
32061,https://www.hunt-analyser.com/hunt_sessions/32061,venore amazon camp,"Jun 28, 2025 21:09",00:57h,57,1,,,,250,1,63113,0,83259,0,83259,0,66434,0,87641,87641.0,200,300,Solo,
32087,https://www.hunt-analyser.com/hunt_sessions/32087,sabretoth,"Jun 29, 2025 13:03",01:16h,76,1,,,,250,1,202680,0,97973,0,97973,0,160010,0,77347,77347.0,200,300,Solo,
32156,https://www.hunt-analyser.com/hunt_sessions/32156,blood crabs meriana,"Jul 01, 2025 03:11",00:58h,58,1,,,,250,1,126421,0,248334,0,248334,0,130780,0,256897,256897.0,200,300,Solo,
32492,https://www.hunt-analyser.com/hunt_sessions/32492,edron vampires,"Jul 07, 2025 19:28",00:59h,59,0,,,,,1,420969,0,-6629,0,-6629,0,428104,0,-6742,-6741.0,0,0,,vampire
32616,https://www.hunt-analyser.com/hunt_sessions/32616,wherehyaenas,"Jul 10, 2025 18:42",00:33h,33,1,,,,250,1,254352,0,14515,0,14515,0,462458,0,26390,26391.0,200,300,Solo,
32687,https://www.hunt-analyser.com/hunt_sessions/32687,roshamuul con familiar,"Jul 12, 2025 10:25",00:22h,22,0,,,,,1,124440,0,2499,0,2499,0,339381,0,6815,6815.0,0,0,,roshamuul
32806,https://www.hunt-analyser.com/hunt_sessions/32806,werehyenas rp 30min,"Jul 15, 2025 20:12",00:33h,33,1,RP 279,279,279,279,1,2085930,1190860,201799,150184,351983,1,3792600,2165200,366907,639969.0,0,0,,werehyena
32838,https://www.hunt-analyser.com/hunt_sessions/32838,Minos de oramond,"Jul 16, 2025 03:26",00:27h,27,1,,,,250,1,187950,0,14405,0,14405,0,417666,0,32011,32011.0,200,300,Solo,
32843,https://www.hunt-analyser.com/hunt_sessions/32843,Oramond West Quara,"Jul 16, 2025 05:49",01:11h,71,0,,,,,1,1804486,1203044,-116704,0,-116704,0,1524917,1016656,-98624,-98623.0,0,0,,quara
33031,https://www.hunt-analyser.com/hunt_sessions/33031,werehyaena avalanche hunt,"Jul 18, 2025 01:01",00:40h,40,1,,,,250,1,356400,0,34203,0,34203,0,534600,0,51304,51304.0,200,300,Solo,
33345,https://www.hunt-analyser.com/hunt_sessions/33345,WEREHYENA -2 NORTE 22/07,"Jul 22, 2025 19:39",00:56h,56,1,ED 218,218,218,218,1,1643160,1095441,182292,147365,329657,1,1760528,1173686,195312,353204.0,0,0,,werehyena
33624,https://www.hunt-analyser.com/hunt_sessions/33624,Deeper Banuta -8,"Jul 27, 2025 05:37",01:13h,73,1,EM 218,218,218,218,1,3120417,1686574,111380,279774,391154,1,2564726,1386225,91545,321496.0,0,0,,banuta
33926,https://www.hunt-analyser.com/hunt_sessions/33926,putrid mummy (dayli boosted),"Jul 31, 2025 23:31",00:50h,50,1,,,,250,1,624145,0,343311,0,343311,0,748974,0,411973,411973.0,200,300,Solo,
34426,https://www.hunt-analyser.com/hunt_sessions/34426,Barkless,"Aug 10, 2025 12:26",01:07h,67,1,RP 292,292,292,292,1,2729667,1819778,-337441,354832,17391,1,2444477,1629651,-302186,15574.0,200,300,Solo,
34810,https://www.hunt-analyser.com/hunt_sessions/34810,Barbarians,"Aug 16, 2025 15:03",01:00h,60,1,RP 300,300,300,300,1,210118,140428,59641,12388,72029,1,210118,140428,59641,72029.0,200,300,Solo,
35573,https://www.hunt-analyser.com/hunt_sessions/35573,Werehyaenna,"Aug 29, 2025 13:21",01:17h,77,1,RP 297,297,297,297,1,4650953,3100636,276137,612621,888758,1,3624119,2416080,215171,692539.0,200,300,Solo,
35575,https://www.hunt-analyser.com/hunt_sessions/35575,Werehyaenna,"Aug 29, 2025 14:43",01:20h,80,1,RP 297,297,297,297,1,4640040,3093360,180381,665637,846018,1,3480030,2320020,135285,634514.0,200,300,Solo,
35612,https://www.hunt-analyser.com/hunt_sessions/35612,Grim Reaper Yalahar,"Aug 29, 2025 23:16",02:32h,152,1,,,,250,1,12209175,8139450,452636,0,452636,0,4819411,3212940,178672,178672.0,200,300,Solo,
35657,https://www.hunt-analyser.com/hunt_sessions/35657,Grim Reaper Yalahar,"Aug 30, 2025 15:35",02:13h,133,1,,,,250,1,9893991,6595994,194130,0,194130,0,4463454,2975636,87577,87577.0,200,300,Solo,
35671,https://www.hunt-analyser.com/hunt_sessions/35671,Grim Reaper Yalahar,"Aug 30, 2025 21:59",01:56h,116,1,,,,250,1,6811752,5450502,132977,0,132977,0,3523320,2819225,68781,68781.0,200,300,Solo,
35728,https://www.hunt-analyser.com/hunt_sessions/35728,Grim Reaper Yalahar,"Aug 31, 2025 17:44",01:51h,111,1,,,,250,1,8064059,5376040,44477,0,44477,0,4358950,2905967,24041,24042.0,200,300,Solo,
35812,https://www.hunt-analyser.com/hunt_sessions/35812,Grim Reaper Yalahar,"Sep 01, 2025 21:31",02:18h,138,1,,,,250,1,10172907,6781938,47222,0,47222,0,4423003,2948668,20531,20531.0,200,300,Solo,
35899,https://www.hunt-analyser.com/hunt_sessions/35899,Grim Reaper Yalahar,"Sep 02, 2025 21:14",01:28h,88,1,,,,250,1,8727675,4331800,136328,0,136328,0,5950687,2953500,92950,92951.0,200,300,Solo,
35909,https://www.hunt-analyser.com/hunt_sessions/35909,Grim Reaper Yalahar,"Sep 03, 2025 01:34",00:31h,31,1,,,,250,1,2525325,1683550,-18101,0,-18101,0,4887725,3258483,-35035,-35034.0,200,300,Solo,
36523,https://www.hunt-analyser.com/hunt_sessions/36523,Other World,"Sep 12, 2025 00:54",00:46h,46,1,RP 221,221,221,221,1,3411269,2274348,685836,253831,939667,1,4449481,2966540,894568,1225653.0,200,300,Solo,
37331,https://www.hunt-analyser.com/hunt_sessions/37331,sphinx and lamassu,"Sep 26, 2025 20:32",01:56h,116,1,,,,250,1,894623,0,-215,0,-215,0,462736,0,-112,-111.0,200,300,Solo,
37610,https://www.hunt-analyser.com/hunt_sessions/37610,Walls South,"Oct 01, 2025 12:58",00:55h,55,1,EK 225,225,225,225,1,2192400,1461600,269996,291027,561023,1,2391709,1594472,294541,612025.0,200,300,Solo,
39090,https://www.hunt-analyser.com/hunt_sessions/39090,Pirats,"Oct 31, 2025 16:45",01:07h,67,1,EM 275,275,275,275,1,2910001,1940001,700868,6970,707838,1,2605971,1737314,627642,633885.0,200,300,Solo,
39208,https://www.hunt-analyser.com/hunt_sessions/39208,Otherworld Kazordoon,"Nov 03, 2025 13:56",00:30h,30,1,RP 237,237,237,237,1,1129726,0,-34113,149007,114894,1,2259452,0,-68226,229788.0,200,300,Solo,
40956,https://www.hunt-analyser.com/hunt_sessions/40956,Medusa Tower - RP 229 (150%),"Dec 09, 2025 16:04",00:31h,31,1,RP 228,228,228,228,1,1518331,0,44256,151363,195619,1,2938705,0,85656,378617.0,0,0,,medusa
41189,https://www.hunt-analyser.com/hunt_sessions/41189,Exotic cave + Pirats,"Dec 14, 2025 19:09",02:10h,130,1,,,,250,1,862544,0,-11485,0,-11485,0,398097,0,-5301,-5301.0,200,300,Solo,
41283,https://www.hunt-analyser.com/hunt_sessions/41283,mini rosha,"Dec 16, 2025 15:21",00:48h,48,1,,,,250,1,530850,0,128069,0,128069,0,663562,0,160086,160086.0,200,300,Solo,
41294,https://www.hunt-analyser.com/hunt_sessions/41294,sphinx & lamassu,"Dec 16, 2025 18:23",00:49h,49,1,,,,250,1,599473,0,-49738,0,-49738,0,734048,0,-60904,-60904.0,200,300,Solo,
41398,https://www.hunt-analyser.com/hunt_sessions/41398,mini rosha,"Dec 18, 2025 22:50",01:17h,77,1,,,,250,1,407610,0,131034,0,131034,0,317618,0,102104,102104.0,200,300,Solo,
41547,https://www.hunt-analyser.com/hunt_sessions/41547,carlin cults druid,"Dec 22, 2025 21:09",00:41h,41,0,,,,,1,369436,0,-31470,0,-31470,0,540638,0,-46054,-46054.0,0,0,,cults
41551,https://www.hunt-analyser.com/hunt_sessions/41551,sphinx & lamassu,"Dec 22, 2025 21:09",01:30h,90,1,,,,250,1,1001744,0,-92866,0,-92866,0,667829,0,-61911,-61911.0,200,300,Solo,
41940,https://www.hunt-analyser.com/hunt_sessions/41940,demons edron square,"Dec 31, 2025 18:02",01:01h,61,0,,,,,1,545445,0,70303,0,70303,0,536503,0,69150,69150.0,0,0,,demon
42012,https://www.hunt-analyser.com/hunt_sessions/42012,mini,"Jan 02, 2026 22:20",01:05h,65,1,,,,250,1,703036,0,268594,0,268594,0,648956,0,247932,247933.0,200,300,Solo,
42569,https://www.hunt-analyser.com/hunt_sessions/42569,Boquinha rosha Feyrist Nightmare.,"Jan 16, 2026 19:32",00:24h,24,1,RP 207,207,207,207,1,573616,393016,153363,95505,248868,1,1434040,982540,383407,622170.0,200,300,Solo,
42613,https://www.hunt-analyser.com/hunt_sessions/42613,Boquinha rosha Feyrist Nightmare.,"Jan 17, 2026 23:12",00:49h,49,1,RP 208,208,208,208,1,1083225,722150,275640,169731,445371,1,1326397,884265,337518,545352.0,200,300,Solo,
42631,https://www.hunt-analyser.com/hunt_sessions/42631,Glooth Factory - TESTE,"Jan 18, 2026 11:25",00:15h,15,1,RP 208,208,208,208,1,470100,313400,62582,51932,114514,1,1880400,1253600,250328,458056.0,0,0,,glooth
42658,https://www.hunt-analyser.com/hunt_sessions/42658,Exotic Cave,"Jan 19, 2026 07:30",00:45h,45,1,RP 208,208,208,208,1,1510897,1007272,181287,159795,341082,1,2014529,1343029,241716,454776.0,200,300,Solo,
43200,https://www.hunt-analyser.com/hunt_sessions/43200,demon edron,"Feb 02, 2026 23:40",01:18h,78,0,,,,,1,586327,0,165267,0,165267,0,451020,0,127128,127128.0,0,0,,demon
43559,https://www.hunt-analyser.com/hunt_sessions/43559,werehyena -2 south,"Feb 14, 2026 01:12",00:35h,35,1,EM 201,201,201,201,1,1722195,1148130,24439,258390,282829,1,2952334,1968222,41895,484850.0,0,0,,werehyena
43565,https://www.hunt-analyser.com/hunt_sessions/43565,Werehyena north,"Feb 14, 2026 00:40",02:03h,123,1,RP 214,214,214,214,1,4641137,3103626,334593,682634,1017227,1,2263969,1513963,163216,496208.0,0,0,,werehyena
43631,https://www.hunt-analyser.com/hunt_sessions/43631,demon edron,"Feb 15, 2026 22:41",00:33h,33,0,,,,,1,266700,0,43729,0,43729,0,484909,0,79507,79507.0,0,0,,demon
43679,https://www.hunt-analyser.com/hunt_sessions/43679,werehyena North,"Feb 17, 2026 11:02",00:53h,53,1,RP 218,218,218,218,1,2167359,1444907,193884,284231,478115,1,2453613,1635743,219491,541262.0,0,0,,werehyena
43708,https://www.hunt-analyser.com/hunt_sessions/43708,werehyena North,"Feb 18, 2026 04:57",00:49h,49,1,RP 221,221,221,221,1,2375784,1583857,256294,283921,540215,1,2909123,1939416,313829,661488.0,0,0,,werehyena
43805,https://www.hunt-analyser.com/hunt_sessions/43805,werehyena North,"Feb 19, 2026 16:11",00:51h,51,1,RP 223,223,223,223,1,3159362,1671234,214745,294832,509577,1,3716896,1966157,252641,599502.0,0,0,,werehyena
43806,https://www.hunt-analyser.com/hunt_sessions/43806,werehyena North,"Feb 19, 2026 17:07",00:50h,50,1,RP 223,223,223,223,1,2936833,1552246,202082,305736,507818,1,3524199,1862695,242498,609382.0,0,0,,werehyena
44274,https://www.hunt-analyser.com/hunt_sessions/44274,werehyena north,"Mar 02, 2026 16:30",01:03h,63,1,RP 243,243,243,243,1,3231309,2154206,344032,294461,638493,1,3077437,2051624,327649,608089.0,0,0,,werehyena
44304,https://www.hunt-analyser.com/hunt_sessions/44304,Exotic cave spider weekly task,"Mar 03, 2026 19:45",00:45h,45,1,ED 287,287,287,287,1,1384926,0,70144,87664,157808,1,1846568,0,93525,210411.0,200,300,Solo,
44526,https://www.hunt-analyser.com/hunt_sessions/44526,werehyena north,"Mar 07, 2026 07:39",01:37h,97,1,RP 256,256,256,256,1,7128814,2799940,590851,470294,1061145,1,4409575,1731921,365474,656378.0,0,0,,werehyena
44735,https://www.hunt-analyser.com/hunt_sessions/44735,Werehyena South :D,"Mar 11, 2026 14:05",03:23h,203,1,RP 267,267,267,267,1,10810168,7405207,1137440,1191602,2329042,1,3195123,2188731,336189,688387.0,0,0,,werehyena
44744,https://www.hunt-analyser.com/hunt_sessions/44744,Werehyena South :D,"Mar 11, 2026 19:22",01:18h,78,1,RP 270,270,270,270,1,2885300,2750000,404307,395074,799381,1,2219461,2115384,311005,614908.0,0,0,,werehyena
44827,https://www.hunt-analyser.com/hunt_sessions/44827,Werehyena South :D,"Mar 14, 2026 01:35",03:08h,188,1,RP 273,273,273,273,1,10337303,7034536,1802748,940379,2743127,1,3299139,2245064,575345,875466.0,0,0,,werehyena
44971,https://www.hunt-analyser.com/hunt_sessions/44971,MINO CULT,"Mar 17, 2026 21:07",01:31h,91,1,EK 240,240,240,240,1,1553757,1035844,970104,205944,1176048,1,1024455,682974,639629,775416.0,200,300,Solo,
45096,https://www.hunt-analyser.com/hunt_sessions/45096,Werehyena EK 245lvl,"Mar 20, 2026 19:05",01:00h,60,1,EK 245,245,245,245,1,2338082,1182178,213796,273774,487570,1,2338082,1182178,213796,487570.0,0,0,,werehyena
45119,https://www.hunt-analyser.com/hunt_sessions/45119,Werehyena EK 245lvl,"Mar 21, 2026 08:53",00:57h,57,1,EK 245,245,245,245,1,1582013,1054680,212486,220412,432898,1,1665276,1110189,223669,455682.0,0,0,,werehyena
45415,https://www.hunt-analyser.com/hunt_sessions/45415,Mino Cult 29.03,"Mar 29, 2026 08:51",00:30h,30,1,EK 252,252,252,252,1,948758,421735,228317,64828,293145,1,1897516,843470,456634,586290.0,200,300,Solo,
45417,https://www.hunt-analyser.com/hunt_sessions/45417,Mino Cult 29.03,"Mar 29, 2026 10:11",00:47h,47,1,EK 253,253,253,253,1,1211896,633490,454224,105928,560152,1,1547101,808710,579860,715088.0,200,300,Solo,
45419,https://www.hunt-analyser.com/hunt_sessions/45419,Mino Cult 29.03,"Mar 29, 2026 12:04",00:45h,45,1,EK 253,253,253,253,1,1021694,681130,474109,109046,583155,1,1362258,908173,632145,777540.0,200,300,Solo,
45449,https://www.hunt-analyser.com/hunt_sessions/45449,Yalahar Grim reaper 3kk/h Raw,"Mar 30, 2026 07:09",02:45h,165,1,EK 201,201,201,201,1,16526753,6053597,-229870,1139432,909562,1,6009728,2201308,-83590,330750.0,200,300,Solo,
48842,https://www.hunt-analyser.com/hunt_sessions/48842,Crumbling Caverns,"Jun 17, 2026 11:12",01:05h,65,1,ED 232,232,232,232,1,3931567,2621045,742482,263600,1006082,1,3629138,2419426,685368,928691.0,200,300,Solo,
48885,https://www.hunt-analyser.com/hunt_sessions/48885,Crumbling Caverns,"Jun 17, 2026 16:39",02:04h,124,1,ED 233,233,233,233,1,7743771,5162516,1400593,486007,1886600,1,3746985,2497991,677706,912871.0,200,300,Solo,
48969,https://www.hunt-analyser.com/hunt_sessions/48969,Ravenous Lava Lurker,"Jun 18, 2026 15:22",00:29h,29,1,ED 216,216,216,216,1,2187722,0,-131237,131237,0,1,4526321,0,-271525,0.0,200,300,Solo,
49093,https://www.hunt-analyser.com/hunt_sessions/49093,Ravenous Lava Lurker,"Jun 19, 2026 15:47",00:28h,28,1,ED 217,217,217,217,1,2098740,0,-140470,140470,0,1,4497300,0,-301008,0.0,200,300,Solo,
50312,https://www.hunt-analyser.com/hunt_sessions/50312,Book World II,"Jul 03, 2026 22:39",00:30h,30,1,EK 247,247,247,247,1,2632341,701998,92956,111035,203991,1,5264682,1403996,185912,407982.0,200,300,Solo,
50318,https://www.hunt-analyser.com/hunt_sessions/50318,Grim Reaper Yalahar,"Jul 03, 2026 23:26",01:00h,60,1,EK 247,247,247,247,1,11772750,2626250,221570,122032,343602,1,11772750,2626250,221570,343602.0,200,300,Solo,
50358,https://www.hunt-analyser.com/hunt_sessions/50358,Lycanthrope Grounds (Edron),"Jul 04, 2026 10:45",01:00h,60,1,EK 253,253,253,253,1,4735274,1262740,300405,73494,373899,1,4735274,1262740,300405,373899.0,200,300,Solo,
50364,https://www.hunt-analyser.com/hunt_sessions/50364,Grim Reaper Yalahar,"Jul 04, 2026 12:27",00:30h,30,1,EK 253,253,253,253,1,5469750,1458600,152860,50355,203215,1,10939500,2917200,305720,406430.0,200,300,Solo,
50574,https://www.hunt-analyser.com/hunt_sessions/50574,Grim reaper Yalahar,"Jul 07, 2026 10:43",01:43h,103,1,RP 273,273,273,273,1,13382111,5077400,-47780,567072,519292,1,7795404,2957708,-27834,302500.0,200,300,Solo,
50582,https://www.hunt-analyser.com/hunt_sessions/50582,40 min hyeans -2 south,"Jul 07, 2026 14:58",00:49h,49,1,RP 277,277,277,277,1,2410980,1607320,277887,207656,485543,1,2952220,1968146,340269,594542.0,200,300,Solo,
50607,https://www.hunt-analyser.com/hunt_sessions/50607,buster spectre,"Jul 07, 2026 14:01",00:40h,40,0,,,,,1,1486800,0,33356,0,33356,0,2230200,0,50034,50034.0,0,0,,spectre
50905,https://www.hunt-analyser.com/hunt_sessions/50905,Glooth Plains - Surface,"Jul 10, 2026 15:33",00:30h,30,1,EK 258,258,258,258,1,1544263,701018,137106,28511,165617,1,3088526,1402036,274212,331234.0,0,0,,glooth
51253,https://www.hunt-analyser.com/hunt_sessions/51253,Lower Spike,"Jul 14, 2026 17:26",00:50h,50,1,EK 260,260,260,260,1,2049426,1366330,231954,151434,383388,1,2459311,1639596,278344,460066.0,200,300,Solo,
51793,https://www.hunt-analyser.com/hunt_sessions/51793,Werehyena MS 290+,"Jul 21, 2026 13:51",00:37h,37,1,MS 290,290,290,290,1,2054214,1369476,286066,124963,411029,1,3331157,2220771,463890,666534.0,0,0,,werehyena
52064,https://www.hunt-analyser.com/hunt_sessions/52064,BOOK WORLD,"Jul 25, 2026 05:32",00:53h,53,1,ED 242,242,242,242,1,4988327,2035075,339437,185475,524912,1,5647162,2303858,384268,594240.0,200,300,Solo,
52082,https://www.hunt-analyser.com/hunt_sessions/52082,Behemoth (Cyclopolis),"Jul 25, 2026 12:21",00:30h,30,1,EK 262,262,262,262,1,514106,342749,112284,31696,143980,1,1028212,685498,224568,287960.0,200,300,Solo,
52736,https://www.hunt-analyser.com/hunt_sessions/52736,Hellspawn (Yalahar),"Aug 02, 2026 08:14",00:30h,30,1,EK 267,267,267,267,1,841820,561216,104080,42662,146742,1,1683640,1122432,208160,293484.0,200,300,Solo,
53077,https://www.hunt-analyser.com/hunt_sessions/53077,Werehayena hunt,"Aug 02, 2026 21:09",00:59h,59,1,RP 223,223,223,223,1,1462338,0,42553,185368,227921,1,1487123,0,43274,231784.0,200,300,Solo,
53078,https://www.hunt-analyser.com/hunt_sessions/53078,Grim Reaper (Yalahar),"Aug 05, 2026 17:57",00:45h,45,1,EK 270,270,270,270,1,4048273,2032800,131154,91676,222830,1,5397697,2710400,174872,297107.0,200,300,Solo,
53187,https://www.hunt-analyser.com/hunt_sessions/53187,Medusa Tower,"Aug 07, 2026 00:20",00:41h,41,1,EK 265,265,265,265,1,1607641,1071760,167980,78322,246302,1,2352645,1568429,245824,360442.0,0,0,,medusa
53326,https://www.hunt-analyser.com/hunt_sessions/53326,Hellspawn (Yalahar),"Aug 08, 2026 10:33",00:47h,47,1,EK 270,270,270,270,1,1309231,872823,72860,65848,138708,1,1671358,1114242,93012,177074.0,200,300,Solo,
53327,https://www.hunt-analyser.com/hunt_sessions/53327,Sea serpent (Svargrond),"Aug 08, 2026 11:45",00:50h,50,1,EK 270,270,270,270,1,1403371,935581,110115,26374,136489,1,1684045,1122697,132138,163787.0,200,300,Solo,
53352,https://www.hunt-analyser.com/hunt_sessions/53352,Lycanthrope Grounds (Edron),"Aug 08, 2026 20:04",00:15h,15,1,EK 271,271,271,271,1,551879,367920,94853,24620,119473,1,2207516,1471680,379412,477892.0,200,300,Solo,
53399,https://www.hunt-analyser.com/hunt_sessions/53399,STONFIN 0908,"Aug 09, 2026 16:06",00:46h,46,1,ED 229,229,229,229,1,399632,266424,130106,28744,158850,1,521259,347509,169703,207196.0,200,300,Solo,
53434,https://www.hunt-analyser.com/hunt_sessions/53434,Glooth Plains - Surface (Oramond),"Aug 09, 2026 21:39",00:42h,42,1,EK 273,273,273,273,1,1382036,921416,163778,50556,214334,1,1974337,1316308,233968,306191.0,0,0,,glooth
53639,https://www.hunt-analyser.com/hunt_sessions/53639,Glooth Tower,"Aug 12, 2026 00:46",00:25h,25,1,EK 270,270,270,270,1,1411323,940935,373457,54097,427554,1,3387175,2258244,896296,1026130.0,0,0,,glooth
53711,https://www.hunt-analyser.com/hunt_sessions/53711,Gnomegate Lava Hot Spot,"Aug 12, 2026 19:52",00:25h,25,1,EK 276,276,276,276,1,888309,493508,224332,19516,243848,1,2131941,1184419,538396,585235.0,200,300,Solo,
53745,https://www.hunt-analyser.com/hunt_sessions/53745,Grim Reaper (Yalahar),"Aug 12, 2026 23:17",01:00h,60,1,EK 279,279,279,279,1,7256749,2863850,167481,105760,273241,1,7256749,2863850,167481,273241.0,200,300,Solo,
15712,https://www.hunt-analyser.com/hunt_sessions/15712,Burster Duo - Dia 2,"Jan 05, 2025 08:41",01:38h,98,2,EK 211+ED 234,211,234,222,1,7008165,3061060,164331,540851,705182,1,4290713,1874118,100610,431744.0,50,300,Duo,
27422,https://www.hunt-analyser.com/hunt_sessions/27422,Hero cave -3,"Mar 17, 2025 22:13",00:59h,59,2,ED 145+RP 148,145,148,146,1,973265,648993,-31411,166531,135120,1,989761,659992,-31944,137410.0,50,300,Duo,
28760,https://www.hunt-analyser.com/hunt_sessions/28760,Carlin Cults Duo EK+EM,"Apr 17, 2025 14:26",00:47h,47,2,EM 70+EK 92,70,92,81,1,761547,420358,-79982,154866,74884,1,972187,536627,-102105,95597.0,0,0,,cults
28862,https://www.hunt-analyser.com/hunt_sessions/28862,Carlin Cults Duo EK+EM,"Apr 19, 2025 10:20",01:28h,88,2,EM 79+EK 98,79,98,88,1,970585,647273,-191622,322071,130449,1,661762,441322,-130652,88942.0,0,0,,cults
29403,https://www.hunt-analyser.com/hunt_sessions/29403,medusa tower,"May 01, 2025 12:59",01:07h,67,2,EM 178+MS 135,135,178,156,1,1819412,1213120,-290515,617865,327350,1,1629324,1086376,-260163,293149.0,0,0,,medusa
29650,https://www.hunt-analyser.com/hunt_sessions/29650,Monk Hunt Duo #1,"May 05, 2025 20:28",01:02h,62,2,EM 81+EK 68,68,81,74,1,735842,490739,-75354,157318,81964,1,712105,474908,-72924,79320.0,50,300,Duo,
29958,https://www.hunt-analyser.com/hunt_sessions/29958,MEDUSA TOWER X2 EM+EK,"May 12, 2025 17:25",01:31h,91,2,EM 174+EK 176,174,176,175,1,2505722,1670703,255971,365427,621398,1,1652124,1101562,168772,409713.0,0,0,,medusa
30098,https://www.hunt-analyser.com/hunt_sessions/30098,ASURA PALACE X2 MONK EK,"May 15, 2025 18:30",00:39h,39,2,EM 179+EK 185,179,185,182,1,1609512,1073105,183688,277067,460755,1,2476172,1650930,282596,708854.0,50,300,Duo,
30100,https://www.hunt-analyser.com/hunt_sessions/30100,ASURA X2 EK MONK,"May 15, 2025 19:13",00:28h,28,2,EM 179+EK 185,179,185,182,1,1486332,990977,78400,272120,350520,1,3184997,2123522,168000,751114.0,50,300,Duo,
30102,https://www.hunt-analyser.com/hunt_sessions/30102,ASURA PALACE X2 MONK EK,"May 15, 2025 19:49",00:27h,27,2,EM 179+EK 185,179,185,182,1,1399901,933353,103943,212492,316435,1,3110891,2074117,230984,703189.0,50,300,Duo,
30187,https://www.hunt-analyser.com/hunt_sessions/30187,ASURA PALACE X2 MONK EK,"May 17, 2025 11:51",01:00h,60,2,EM 188+EK 191,188,191,190,1,1814328,1460924,167958,368265,536223,1,1814328,1460924,167958,536223.0,50,300,Duo,
30238,https://www.hunt-analyser.com/hunt_sessions/30238,ASURA PALACE X2 MONK EK,"May 18, 2025 15:23",01:36h,96,2,EM 194+EK 197,194,197,196,1,2451033,1634166,192013,346800,538813,1,1531895,1021353,120008,336758.0,50,300,Duo,
30341,https://www.hunt-analyser.com/hunt_sessions/30341,Craziee + Speak 002,"May 20, 2025 17:43",00:49h,49,2,EK 272+RP 238,238,272,255,1,1581352,1054419,179759,288320,468079,1,1936349,1291125,220113,573158.0,50,300,Duo,
30509,https://www.hunt-analyser.com/hunt_sessions/30509,BURSTER EK MONK,"May 23, 2025 21:15",01:58h,118,2,EM 213+EK 234,213,234,224,1,4453605,2969070,328917,716026,1044943,1,2264544,1509696,167245,531327.0,50,300,Duo,
30584,https://www.hunt-analyser.com/hunt_sessions/30584,ASURA PALACE X2 MONK EK,"May 25, 2025 12:46",01:44h,104,2,EM 218+EK 212,212,218,215,1,6342814,3685137,619030,751370,1370400,1,3659315,2126040,357132,790615.0,50,300,Duo,
30601,https://www.hunt-analyser.com/hunt_sessions/30601,gazer x2 EK Monk,"May 25, 2025 22:48",01:47h,107,2,EM 221+EK 236,221,236,228,1,3883788,2897709,570443,627162,1197605,1,2177825,1624883,319874,671554.0,50,300,Duo,
30631,https://www.hunt-analyser.com/hunt_sessions/30631,ASURA PALACE X2 MONK EK,"May 26, 2025 18:21",00:53h,53,2,EM 223+EK 217,217,223,220,1,2928373,1952427,319330,407620,726950,1,3315139,2210294,361505,822962.0,50,300,Duo,
37309,https://www.hunt-analyser.com/hunt_sessions/37309,Haunted Mansion,"Sep 26, 2025 14:49",01:28h,88,2,EK 220+EM 161,161,220,190,1,5146092,2914128,439997,601641,1041638,1,3508699,1986905,299997,710208.0,50,300,Duo,
40102,https://www.hunt-analyser.com/hunt_sessions/40102,Buster Spectre Darashia,"Nov 21, 2025 13:22",02:12h,132,2,EK 225+ED 227,225,227,226,1,7789104,4135097,-21045,1049564,1028519,1,3540501,1879589,-9566,467509.0,0,0,,spectre
40339,https://www.hunt-analyser.com/hunt_sessions/40339,Darklight,"Nov 26, 2025 18:26",01:25h,85,2,RP 55+MS 56,55,56,56,1,71,29,4289896,2754259,7044155,1,50,20,3028161,4972345.0,50,300,Duo,
41127,https://www.hunt-analyser.com/hunt_sessions/41127,DUO 277EM + 250EK,"Dec 13, 2025 10:51",02:10h,130,2,EK 253+EM 274,253,274,264,1,16037471,6345142,748588,851157,1599745,1,7401909,2928527,345502,738344.0,50,300,Duo,
46448,https://www.hunt-analyser.com/hunt_sessions/46448,Buried Cathedral -3,"Apr 24, 2026 19:51",00:59h,59,2,ED 296+EK 231,231,296,264,1,4246373,2831032,718925,493013,1211938,1,4318345,2879015,731110,1232479.0,50,300,Duo,
46748,https://www.hunt-analyser.com/hunt_sessions/46748,,"May 02, 2026 05:20",00:36h,36,2,ED 165+EM 167,165,167,166,1,1208832,402944,-9302,164109,154807,1,2014720,671573,-15504,258012.0,50,300,Duo,
4921,https://www.hunt-analyser.com/hunt_sessions/4921,Bursters duo with Zin,"Sep 11, 2024 17:17",01:01h,61,2,ED 206+EK 208,206,208,207,1,3191001,1188435,27440,243318,270758,1,3138689,1168952,26990,266319.0,50,300,Duo,
4922,https://www.hunt-analyser.com/hunt_sessions/4922,Bursters duo with Zin,"Sep 11, 2024 17:17",01:01h,61,2,ED 206+EK 208,206,208,207,1,1782652,1188435,27440,243318,270758,1,1753428,1168952,26990,266319.0,50,300,Duo,
51574,https://www.hunt-analyser.com/hunt_sessions/51574,"Duo buried -2 ED, EK","Jul 18, 2026 11:46",00:25h,25,2,EK 298+ED 198,198,298,248,1,278439,-37472,162428,276822,439250,1,668253,-89933,389827,1054200.0,50,300,Duo,
51722,https://www.hunt-analyser.com/hunt_sessions/51722,Duo burried cathedral,"Jul 20, 2026 12:07",00:37h,37,2,EK 300+ED 199,199,300,250,1,4022905,1927510,269766,508535,778301,1,6523629,3125691,437458,1262110.0,50,300,Duo,
28915,https://www.hunt-analyser.com/hunt_sessions/28915,Quara Sunken Quarter,"Apr 20, 2025 12:10",01:47h,107,0,,,,,1,3230570,1332262,185633,0,185633,0,1811534,747062,104093,104093.0,0,0,,quara
45762,https://www.hunt-analyser.com/hunt_sessions/45762,"Calassa (Massive Water Elemental, Quara)","Apr 07, 2026 20:18",00:44h,44,1,ED 357,357,357,357,1,947881,631922,120417,41202,161619,1,1292565,861711,164205,220390.0,0,0,,quara
45875,https://www.hunt-analyser.com/hunt_sessions/45875,Quaras duo,"Apr 10, 2026 18:58",00:57h,57,2,ED 1358+EM 1177,1177,1358,1268,1,18207007,10250276,1528253,964598,2492851,1,19165270,10789764,1608687,2624054.0,0,0,,quara
4611,https://www.hunt-analyser.com/hunt_sessions/4611,Quara Podzilla,"Sep 06, 2024 09:49",01:00h,60,2,RP 1252+ED 1419,1252,1419,1336,1,37708946,10152617,1292481,932874,2225355,1,37708946,10152617,1292481,2225355.0,0,0,,quara
47999,https://www.hunt-analyser.com/hunt_sessions/47999,Quara (bestiary),"May 28, 2026 06:51",01:04h,64,1,MS 1200,1200,1200,1200,1,15815870,8664460,820061,543219,1363280,1,14827378,8122931,768807,1278075.0,0,0,,quara
4839,https://www.hunt-analyser.com/hunt_sessions/4839,Quara Podzilla,"Sep 08, 2024 18:18",02:00h,120,2,ED 1418+RP 1256,1256,1418,1337,1,80106983,22789329,2686169,2087015,4773184,1,40053491,11394664,1343084,2386592.0,0,0,,quara
55738,https://www.hunt-analyser.com/hunt_sessions/55738,Podzilla Quaras,"Sep 02, 2026 21:50",02:00h,120,1,MS 901,901,901,901,1,42955502,19178326,3824947,337981,4162928,1,21477751,9589163,1912473,2081464.0,0,0,,quara
56517,https://www.hunt-analyser.com/hunt_sessions/56517,Quaras Podzilla,"Sep 10, 2026 20:11",01:06h,66,1,MS 1086,1086,1086,1086,1,37115614,15307064,2611760,422,2612182,1,33741467,13915512,2374327,2374711.0,0,0,,quara
56645,https://www.hunt-analyser.com/hunt_sessions/56645,Quaras Podzilla,"Sep 11, 2026 22:04",01:06h,66,1,MS 1086,1086,1086,1086,1,33383748,15216499,2783601,1199,2784800,1,30348861,13833180,2530546,2531636.0,0,0,,quara
56657,https://www.hunt-analyser.com/hunt_sessions/56657,Quaras Podzilla,"Sep 11, 2026 23:39",01:06h,66,1,MS 1086,1086,1086,1086,1,34486925,14694715,2206212,52138,2258350,1,31351750,13358831,2005647,2053045.0,0,0,,quara
56670,https://www.hunt-analyser.com/hunt_sessions/56670,Teste 1 Quara Podizilla,"Sep 12, 2026 05:17",01:00h,60,1,MS 957,957,957,957,1,22430557,8785265,1355766,112184,1467950,1,22430557,8785265,1355766,1467950.0,0,0,,quara
56710,https://www.hunt-analyser.com/hunt_sessions/56710,Teste 2 Quara Podizilla,"Sep 12, 2026 16:36",01:04h,64,1,MS 958,958,958,958,1,14703319,9320662,1321318,227540,1548858,1,13784361,8738120,1238735,1452054.0,0,0,,quara
56743,https://www.hunt-analyser.com/hunt_sessions/56743,Podzilla Quaras,"Sep 12, 2026 23:46",01:21h,81,1,MS 908,908,908,908,1,31844843,15519950,3213015,65668,3278683,1,23588772,11496259,2380011,2428654.0,0,0,,quara
56841,https://www.hunt-analyser.com/hunt_sessions/56841,Podzilla Quaras,"Sep 13, 2026 21:35",02:14h,134,1,MS 909,909,909,909,1,52895439,24511730,4816041,880210,5696251,1,23684524,10975401,2156436,2550560.0,0,0,,quara
56931,https://www.hunt-analyser.com/hunt_sessions/56931,Podzilla Quaras,"Sep 14, 2026 21:35",02:06h,126,1,MS 910,910,910,910,1,56287557,22973353,4722612,150530,4873142,1,26803598,10939691,2248862,2320544.0,0,0,,quara
57028,https://www.hunt-analyser.com/hunt_sessions/57028,Podzilla Quaras,"Sep 15, 2026 22:02",01:46h,106,1,MS 912,912,912,912,1,43652396,20562270,4541917,76664,4618581,1,24708903,11639020,2570896,2614291.0,0,0,,quara
57171,https://www.hunt-analyser.com/hunt_sessions/57171,Podzilla Quaras,"Sep 17, 2026 22:04",02:06h,126,1,MS 913,913,913,913,1,54046528,24433532,4677681,165020,4842701,1,25736441,11635015,2227467,2306048.0,0,0,,quara
8488,https://www.hunt-analyser.com/hunt_sessions/8488,Quara solo,"Nov 07, 2024 08:43",01:00h,60,1,ED 1182,1182,1182,1182,1,26876404,11432946,1257199,201581,1458780,1,26876404,11432946,1257199,1458780.0,0,0,,quara
1295,https://www.hunt-analyser.com/hunt_sessions/1295,Darashiah WereHyena -2 south,"Feb 23, 2024 18:30",01:06h,66,2,ED 479+RP 485,479,485,482,1,2654111,1801453,538832,381716,920548,1,2412828,1637684,489847,836862.0,0,0,,werehyena
37817,https://www.hunt-analyser.com/hunt_sessions/37817,Werehyena (South) - 40min/371lvl,"Oct 05, 2025 10:35",00:42h,42,1,MS 371,371,371,371,1,2784564,1856376,453395,109535,562930,1,3977948,2651965,647707,804186.0,0,0,,werehyena
43530,https://www.hunt-analyser.com/hunt_sessions/43530,Darashia Werehyena South,"Feb 13, 2026 09:22",00:50h,50,1,MS 387,387,387,387,1,2481216,1654147,454849,57759,512608,1,2977459,1984976,545818,615130.0,0,0,,werehyena
43574,https://www.hunt-analyser.com/hunt_sessions/43574,Darashia Werehyena North,"Feb 14, 2026 08:32",00:58h,58,1,MS 387,387,387,387,1,2266290,1510860,390779,79378,470157,1,2344437,1562958,404254,486369.0,0,0,,werehyena
11823,https://www.hunt-analyser.com/hunt_sessions/11823,WereLion Duo Druid 305 + RP 290,"Dec 07, 2024 03:08",02:04h,124,2,ED 305+RP 291,291,305,298,1,4231244,2821206,718293,829710,1548003,1,2047376,1365099,347561,749034.0,0,0,,werelion
12503,https://www.hunt-analyser.com/hunt_sessions/12503,Werelions -1,"Dec 14, 2024 03:24",01:11h,71,1,EK 595,595,595,595,1,4574185,3020950,858128,99523,957651,1,3865508,2552915,725178,809283.0,0,0,,werelion
15520,https://www.hunt-analyser.com/hunt_sessions/15520,Werelion -1,"Jan 03, 2025 22:10",01:00h,60,1,RP 402,402,402,402,1,2841842,2551257,368735,488000,856735,1,2841842,2551257,368735,856735.0,0,0,,werelion
33109,https://www.hunt-analyser.com/hunt_sessions/33109,Werelions -2,"Jul 19, 2025 03:01",00:17h,17,1,RP 412,412,412,412,1,1125010,750007,160311,107539,267850,1,3970623,2647083,565803,945353.0,0,0,,werelion
33170,https://www.hunt-analyser.com/hunt_sessions/33170,Werelion -1,"Jul 20, 2025 01:33",01:00h,60,1,EK 359,359,359,359,1,4693865,3129244,807923,320691,1128614,1,4693865,3129244,807923,1128614.0,0,0,,werelion
33509,https://www.hunt-analyser.com/hunt_sessions/33509,Werelion -2,"Jul 25, 2025 11:43",00:59h,59,1,EK 369,369,369,369,1,4208980,2805987,740439,243050,983489,1,4280318,2853546,752988,1000158.0,0,0,,werelion
33617,https://www.hunt-analyser.com/hunt_sessions/33617,Werelion -1,"Jul 26, 2025 23:43",01:00h,60,1,EK 372,372,372,372,1,4796520,3197680,785736,276248,1061984,1,4796520,3197680,785736,1061984.0,0,0,,werelion
33636,https://www.hunt-analyser.com/hunt_sessions/33636,Werelion -1,"Jul 27, 2025 10:20",00:45h,45,1,EK 372,372,372,372,1,3634828,2423219,643562,171738,815300,1,4846437,3230958,858082,1087067.0,0,0,,werelion
33988,https://www.hunt-analyser.com/hunt_sessions/33988,Werelions -2 East,"Aug 02, 2025 15:57",00:17h,17,1,RP 424,424,424,424,1,1074097,716065,108231,123664,231895,1,3790930,2527288,381991,818453.0,0,0,,werelion
33989,https://www.hunt-analyser.com/hunt_sessions/33989,Werelions -1,"Aug 02, 2025 16:17",00:15h,15,1,RP 424,424,424,424,1,1181445,787630,119660,135896,255556,1,4725780,3150520,478640,1022224.0,0,0,,werelion
34585,https://www.hunt-analyser.com/hunt_sessions/34585,Werelion -1,"Aug 13, 2025 07:01",01:00h,60,1,EK 408,408,408,408,1,5074193,3382796,1011925,101165,1113090,1,5074193,3382796,1011925,1113090.0,0,0,,werelion
34658,https://www.hunt-analyser.com/hunt_sessions/34658,Werelion -1,"Aug 14, 2025 07:07",01:00h,60,1,EK 410,410,410,410,1,5075538,3383693,1036769,123992,1160761,1,5075538,3383693,1036769,1160761.0,0,0,,werelion
35893,https://www.hunt-analyser.com/hunt_sessions/35893,Werelions -2,"Sep 03, 2025 01:15",01:00h,60,1,RP 489,489,489,489,1,4129410,2752940,541105,358475,899580,1,4129410,2752940,541105,899580.0,0,0,,werelion
35937,https://www.hunt-analyser.com/hunt_sessions/35937,Werelion -1,"Sep 03, 2025 11:42",01:00h,60,1,EK 447,447,447,447,1,5331374,3554252,1101073,137357,1238430,1,5331374,3554252,1101073,1238430.0,0,0,,werelion
35970,https://www.hunt-analyser.com/hunt_sessions/35970,Werelions -1,"Sep 04, 2025 00:36",01:00h,60,1,RP 491,491,491,491,1,4450860,2967240,711765,356090,1067855,1,4450860,2967240,711765,1067855.0,0,0,,werelion
36103,https://www.hunt-analyser.com/hunt_sessions/36103,Werelions - Doble XP,"Sep 05, 2025 17:57",01:01h,61,1,EK 399,399,399,399,1,7638873,2546291,433213,361032,794245,1,7513645,2504548,426111,781225.0,0,0,,werelion
36546,https://www.hunt-analyser.com/hunt_sessions/36546,Werelion -1 RIng Bis + Werewolf,"Sep 12, 2025 13:17",01:00h,60,1,EK 480,480,480,480,1,4955215,3303477,1108070,73570,1181640,1,4955215,3303477,1108070,1181640.0,0,0,,werelion
36594,https://www.hunt-analyser.com/hunt_sessions/36594,Werelion -1 Ring Bis + Werewolf,"Sep 13, 2025 11:09",01:01h,61,1,EK 480,480,480,480,1,4949814,3299876,1089718,60024,1149742,1,4868669,3245779,1071853,1130894.0,0,0,,werelion
38528,https://www.hunt-analyser.com/hunt_sessions/38528,Werelions -2,"Oct 20, 2025 06:16",00:30h,30,1,RP 466,466,466,466,1,2215185,1476790,368045,132588,500633,1,4430370,2953580,736090,1001266.0,0,0,,werelion
38529,https://www.hunt-analyser.com/hunt_sessions/38529,Werelions -1,"Oct 20, 2025 06:50",00:55h,55,1,RP 466,466,466,466,1,4331253,2887502,784748,273852,1058600,1,4725003,3150002,856088,1154836.0,0,0,,werelion
40686,https://www.hunt-analyser.com/hunt_sessions/40686,Werelions -2,"Dec 03, 2025 04:14",01:12h,72,1,RP 503,503,503,503,1,5047450,3364971,764994,375535,1140529,1,4206208,2804142,637495,950441.0,0,0,,werelion
40876,https://www.hunt-analyser.com/hunt_sessions/40876,|Rapid| Werelions -2,"Dec 07, 2025 02:47",01:00h,60,1,RP 507,507,507,507,1,5115250,3410167,910587,353242,1263829,1,5115250,3410167,910587,1263829.0,0,0,,werelion
40878,https://www.hunt-analyser.com/hunt_sessions/40878,|Rapid| Werelions -1,"Dec 07, 2025 04:50",01:00h,60,1,RP 507,507,507,507,1,4702436,3690842,968033,413039,1381072,1,4702436,3690842,968033,1381072.0,0,0,,werelion
41821,https://www.hunt-analyser.com/hunt_sessions/41821,|Double| Werelions -1,"Dec 28, 2025 04:09",00:35h,35,1,RP 527,527,527,527,1,6287070,2555690,446191,205594,651785,1,10777834,4381182,764898,1117346.0,0,0,,werelion
44388,https://www.hunt-analyser.com/hunt_sessions/44388,Werelions,"Mar 05, 2026 13:55",01:22h,82,1,EK 360,360,360,360,1,8390928,3116105,550885,577454,1128339,1,6139703,2280076,403086,825614.0,0,0,,werelion
46417,https://www.hunt-analyser.com/hunt_sessions/46417,Werelions -2,"Apr 24, 2026 09:03",00:39h,39,1,RP 603,603,603,603,1,3475531,2522772,460280,171901,632181,1,5346970,3881187,708123,972586.0,0,0,,werelion
46816,https://www.hunt-analyser.com/hunt_sessions/46816,werelions,"May 03, 2026 19:55",00:54h,54,3,ED 270+MS 295+EK 306,270,306,290,0,0,0,389242,268053,657295,1,0,0,432491,730328.0,0,0,,werelion
46817,https://www.hunt-analyser.com/hunt_sessions/46817,werelions,"May 03, 2026 19:55",00:54h,54,3,ED 270+MS 295+EK 306,270,306,290,1,3138156,1046052,389242,268053,657295,1,3486840,1162280,432491,730328.0,0,0,,werelion
48337,https://www.hunt-analyser.com/hunt_sessions/48337,|Rapid| Werelions -1,"Jun 05, 2026 04:15",00:35h,35,1,RP 634,634,634,634,1,6405117,5282717,571420,164317,735737,1,10980200,9056086,979577,1261263.0,0,0,,werelion
49850,https://www.hunt-analyser.com/hunt_sessions/49850,werelions,"Jun 28, 2026 09:50",00:24h,24,1,RP 334,334,334,334,1,847440,0,21923,86360,108283,1,2118600,0,54807,270708.0,0,0,,werelion
49922,https://www.hunt-analyser.com/hunt_sessions/49922,Werelion -1,"Jun 29, 2026 07:58",00:31h,31,1,ED 545,545,545,545,1,4400938,1956056,579117,64964,644081,1,8517944,3785914,1120871,1246608.0,0,0,,werelion
51711,https://www.hunt-analyser.com/hunt_sessions/51711,Werelion -1 (post nerf),"Jul 20, 2026 12:43",00:55h,55,1,MS 494,494,494,494,1,5600676,2563150,638803,117344,756147,1,6109828,2796163,696876,824888.0,0,0,,werelion
53750,https://www.hunt-analyser.com/hunt_sessions/53750,Werelions -1,"Aug 12, 2026 22:03",00:37h,37,0,,,,,1,2365953,1261930,312707,0,312707,0,3836680,2046372,507092,507092.0,0,0,,werelion
54319,https://www.hunt-analyser.com/hunt_sessions/54319,Werelions -1,"Aug 18, 2026 11:25",00:30h,30,1,RP 683,683,683,683,1,8732308,6823213,720091,101239,821330,1,17464616,13646426,1440182,1642660.0,0,0,,werelion
6290,https://www.hunt-analyser.com/hunt_sessions/6290,werelions (30m bonus xp),"Oct 13, 2024 00:01",02:24h,144,2,ED 438+EK 326,326,438,382,1,9251493,5735185,1604226,951029,2555255,1,3854788,2389660,668427,1064690.0,0,0,,werelion
6296,https://www.hunt-analyser.com/hunt_sessions/6296,Werelions -1,"Oct 12, 2024 23:32",01:25h,85,0,,,,,1,4786600,3346353,1139090,0,1139090,0,3378776,2362131,804063,804064.0,0,0,,werelion
27309,https://www.hunt-analyser.com/hunt_sessions/27309,Weretigers -2,"Mar 15, 2025 05:45",00:29h,29,1,RP 856,856,856,856,1,3429594,2286396,632031,203340,835371,1,7095711,4730474,1307650,1728354.0,0,0,,tiger
31446,https://www.hunt-analyser.com/hunt_sessions/31446,Weretigers v1,"Jun 15, 2025 19:15",01:34h,94,1,EK 718,718,718,718,1,6345320,2820186,629290,175164,804454,1,4050204,1800118,401674,513481.0,0,0,,tiger
34112,https://www.hunt-analyser.com/hunt_sessions/34112,Weretigers -1,"Aug 05, 2025 07:08",00:28h,28,1,RP 425,425,425,425,1,2041503,1361002,99707,268273,367980,1,4374649,2916432,213657,788529.0,0,0,,tiger
34128,https://www.hunt-analyser.com/hunt_sessions/34128,Weretigers -1,"Aug 05, 2025 15:15",00:13h,13,1,RP 425,425,425,425,1,845388,563592,52192,106648,158840,1,3901790,2601193,240886,733108.0,0,0,,tiger
34207,https://www.hunt-analyser.com/hunt_sessions/34207,Weretigers -1,"Aug 07, 2025 06:21",00:30h,30,1,RP 426,426,426,426,1,2032926,1355284,168129,253831,421960,1,4065852,2710568,336258,843920.0,0,0,,tiger
34283,https://www.hunt-analyser.com/hunt_sessions/34283,Weretigers -1,"Aug 08, 2025 08:45",00:30h,30,1,RP 426,426,426,426,1,2078016,1385344,103942,254118,358060,1,4156032,2770688,207884,716120.0,0,0,,tiger
36047,https://www.hunt-analyser.com/hunt_sessions/36047,Weretigers -2,"Sep 05, 2025 04:19",00:30h,30,1,RP 439,439,439,439,1,4162356,1387452,274897,216993,491890,1,8324712,2774904,549794,983780.0,0,0,,tiger
37087,https://www.hunt-analyser.com/hunt_sessions/37087,Weretigers -2,"Sep 23, 2025 12:52",00:30h,30,1,RP 448,448,448,448,1,2378010,1585340,208948,262582,471530,1,4756020,3170680,417896,943060.0,0,0,,tiger
37667,https://www.hunt-analyser.com/hunt_sessions/37667,Weretigers -2,"Oct 02, 2025 10:49",00:30h,30,1,RP 455,455,455,455,1,2520977,1680652,207813,240717,448530,1,5041954,3361304,415626,897060.0,0,0,,tiger
37717,https://www.hunt-analyser.com/hunt_sessions/37717,Weretigers -2,"Oct 03, 2025 11:37",00:30h,30,1,RP 456,456,456,456,1,2377760,1585174,206409,235648,442057,1,4755520,3170348,412818,884114.0,0,0,,tiger
37740,https://www.hunt-analyser.com/hunt_sessions/37740,Weretigers -2,"Oct 03, 2025 18:40",00:31h,31,1,RP 456,456,456,456,1,2577718,1718480,279106,290668,569774,1,4989131,3326090,540205,1102788.0,0,0,,tiger
37749,https://www.hunt-analyser.com/hunt_sessions/37749,Weretigers -2,"Oct 04, 2025 02:51",00:40h,40,1,RP 456,456,456,456,1,3307897,2205265,338444,342896,681340,1,4961845,3307897,507666,1022010.0,0,0,,tiger
385,https://www.hunt-analyser.com/hunt_sessions/385,Weretigery w duo MS + RP,"Dec 31, 2023 11:14",01:09h,69,2,MS 616+RP 541,541,616,578,1,5560970,2894557,923942,385818,1309760,1,4835626,2517006,803427,1138922.0,0,0,,tiger
38803,https://www.hunt-analyser.com/hunt_sessions/38803,Weretigers -2,"Oct 26, 2025 05:19",00:55h,55,1,RP 470,470,470,470,1,4862343,3241562,479227,527736,1006963,1,5304374,3536249,522793,1098505.0,0,0,,tiger
38815,https://www.hunt-analyser.com/hunt_sessions/38815,Weretigers -2,"Oct 26, 2025 12:47",00:33h,33,1,RP 470,470,470,470,1,2974878,1983253,283144,329012,612156,1,5408869,3605914,514807,1113011.0,0,0,,tiger
39100,https://www.hunt-analyser.com/hunt_sessions/39100,Weretigers -2,"Nov 01, 2025 02:55",01:00h,60,1,RP 473,473,473,473,1,5963718,3975813,623952,567196,1191148,1,5963718,3975813,623952,1191148.0,0,0,,tiger
39145,https://www.hunt-analyser.com/hunt_sessions/39145,Weretigers -1,"Nov 02, 2025 02:20",00:30h,30,1,RP 474,474,474,474,1,3730818,1703582,247703,252664,500367,1,7461636,3407164,495406,1000734.0,0,0,,tiger
39442,https://www.hunt-analyser.com/hunt_sessions/39442,Weretigers -2,"Nov 08, 2025 05:36",00:30h,30,1,RP 480,480,480,480,1,6734219,1829444,207395,302782,510177,1,13468438,3658888,414790,1020354.0,0,0,,tiger
39560,https://www.hunt-analyser.com/hunt_sessions/39560,Weretigers -1,"Nov 10, 2025 01:53",01:00h,60,1,RP 482,482,482,482,1,9504111,3168037,416136,510823,926959,1,9504111,3168037,416136,926959.0,0,0,,tiger
40528,https://www.hunt-analyser.com/hunt_sessions/40528,Weretigers -2,"Nov 30, 2025 07:10",01:11h,71,1,RP 501,501,501,501,1,6447158,4500974,653776,717646,1371422,1,5448302,3803640,552486,1158948.0,0,0,,tiger
41079,https://www.hunt-analyser.com/hunt_sessions/41079,Weretigers -2 (Fullmoon),"Dec 12, 2025 08:26",01:00h,60,1,EM 465,465,465,465,1,5983632,3659942,649252,584464,1233716,1,5983632,3659942,649252,1233716.0,0,0,,tiger
42996,https://www.hunt-analyser.com/hunt_sessions/42996,Weretigers -2,"Jan 28, 2026 16:10",00:46h,46,1,RP 545,545,545,545,1,6448230,3959220,601819,418194,1020013,1,8410734,5164200,784981,1330452.0,0,0,,tiger
43539,https://www.hunt-analyser.com/hunt_sessions/43539,Weretigers -2,"Feb 13, 2026 12:12",00:43h,43,1,RP 556,556,556,556,1,4995380,3532754,603575,445097,1048672,1,6970297,4929424,842197,1463263.0,0,0,,tiger
43942,https://www.hunt-analyser.com/hunt_sessions/43942,Weretigers -1,"Feb 23, 2026 05:26",01:00h,60,1,RP 563,563,563,563,1,8703510,4347394,772296,360430,1132726,1,8703510,4347394,772296,1132726.0,0,0,,tiger
43957,https://www.hunt-analyser.com/hunt_sessions/43957,Weretiger -2,"Feb 23, 2026 15:03",00:42h,42,0,,,,,1,4663660,2072738,339771,0,339771,0,6662371,2961054,485387,485387.0,0,0,,tiger
43996,https://www.hunt-analyser.com/hunt_sessions/43996,Weretiger -2,"Feb 24, 2026 14:17",00:40h,40,0,,,,,1,4776714,2122984,320651,0,320651,0,7165071,3184476,480976,480976.0,0,0,,tiger
45290,https://www.hunt-analyser.com/hunt_sessions/45290,Weretiger x2,"Mar 25, 2026 20:03",00:47h,47,2,ED 477+RP 417,417,477,447,1,3628851,3628851,942618,395952,1338570,1,4632575,4632575,1203342,1708813.0,0,0,,tiger
45418,https://www.hunt-analyser.com/hunt_sessions/45418,Weretigers -2,"Mar 29, 2026 04:08",01:00h,60,1,RP 587,587,587,587,1,12944278,7920246,940650,486852,1427502,1,12944278,7920246,940650,1427502.0,0,0,,tiger
45624,https://www.hunt-analyser.com/hunt_sessions/45624,Weretigers -2,"Apr 04, 2026 01:55",01:00h,60,1,RP 589,589,589,589,1,7596030,4515220,1067843,488977,1556820,1,7596030,4515220,1067843,1556820.0,0,0,,tiger
46909,https://www.hunt-analyser.com/hunt_sessions/46909,Weretiger -1,"May 06, 2026 10:08",01:00h,60,1,EM 350,350,350,350,1,2719699,1813133,324016,201028,525044,1,2719699,1813133,324016,525044.0,0,0,,tiger
47094,https://www.hunt-analyser.com/hunt_sessions/47094,EM 300+ WERETIGER -2,"May 10, 2026 05:36",00:55h,55,1,EM 318,318,318,318,1,4992087,2736499,218880,670364,889244,1,5445913,2985271,238778,970084.0,0,0,,tiger
47643,https://www.hunt-analyser.com/hunt_sessions/47643,Weretigers -2,"May 20, 2026 07:27",00:36h,36,1,RP 621,621,621,621,1,7007849,3804183,663851,262354,926205,1,11679748,6340305,1106418,1543675.0,0,0,,tiger
48495,https://www.hunt-analyser.com/hunt_sessions/48495,Weretigers -2,"Jun 10, 2026 00:20",01:00h,60,1,RP 557,557,557,557,1,4728355,3152238,586194,472166,1058360,1,4728355,3152238,586194,1058360.0,0,0,,tiger
4882,https://www.hunt-analyser.com/hunt_sessions/4882,Weretigers -2,"Sep 10, 2024 14:41",01:30h,90,1,EK 541,541,541,541,1,8069271,5379514,1045741,476697,1522438,1,5379514,3586342,697160,1014959.0,0,0,,tiger
52653,https://www.hunt-analyser.com/hunt_sessions/52653,Weretiger -2,"Aug 01, 2026 10:30",00:37h,37,1,MS 508,508,508,508,1,8162215,3013148,825193,61494,886687,1,13236024,4886185,1338150,1437871.0,0,0,,tiger
52720,https://www.hunt-analyser.com/hunt_sessions/52720,Weretigers -1,"Aug 02, 2026 04:55",00:47h,47,1,RP 674,674,674,674,1,5865900,4385600,824284,218578,1042862,1,7488382,5598638,1052277,1331313.0,0,0,,tiger
54788,https://www.hunt-analyser.com/hunt_sessions/54788,Weretiger,"Aug 23, 2026 09:34",01:00h,60,0,,,,,1,5672238,3781492,1049135,0,1049135,0,5672238,3781492,1049135,1049135.0,0,0,,lizard
6292,https://www.hunt-analyser.com/hunt_sessions/6292,Weretigers (Full Moon),"Oct 13, 2024 00:01",02:24h,144,2,ED 439+EK 328,328,439,384,1,8604250,5736501,1604226,951029,2555255,1,3585104,2390208,668427,1064690.0,0,0,,tiger
9146,https://www.hunt-analyser.com/hunt_sessions/9146,Weretigers,"Nov 12, 2024 09:20",01:07h,67,1,EK 588,588,588,588,1,5448881,3632589,743658,372144,1115802,1,4879594,3253064,665962,999226.0,0,0,,tiger
30650,https://www.hunt-analyser.com/hunt_sessions/30650,Burster Spectre #33,"May 27, 2025 13:06",02:18h,138,1,EK 488,488,488,488,1,26011034,9654492,1031049,521688,1552737,1,11309145,4197605,448282,675103.0,0,0,,spectre
30699,https://www.hunt-analyser.com/hunt_sessions/30699,Burster Spectre #34,"May 28, 2025 11:52",02:32h,152,1,EK 490,490,490,490,1,28795770,10588091,1019608,588236,1607844,1,11366751,4179509,402476,634675.0,0,0,,spectre
30729,https://www.hunt-analyser.com/hunt_sessions/30729,Burster Spectre #35,"May 29, 2025 11:20",02:15h,135,1,EK 493,493,493,493,1,26240033,9642768,815480,546538,1362018,1,11662236,4285674,362435,605341.0,0,0,,spectre
30754,https://www.hunt-analyser.com/hunt_sessions/30754,Burster Spectre #36,"May 30, 2025 10:21",01:00h,60,1,EK 495,495,495,495,1,12961197,4599918,499430,240742,740172,1,12961197,4599918,499430,740172.0,0,0,,spectre
30821,https://www.hunt-analyser.com/hunt_sessions/30821,Burster Spectre #37,"May 31, 2025 12:04",01:59h,119,1,EK 496,496,496,496,1,24934998,8850077,660320,530234,1190554,1,12572267,4462223,332934,600279.0,0,0,,spectre
30829,https://www.hunt-analyser.com/hunt_sessions/30829,Burster Spectre #38,"May 31, 2025 17:15",00:59h,59,1,EK 498,498,498,498,1,10633757,4552332,567852,243888,811740,1,10813990,4629490,577476,825498.0,0,0,,spectre
31478,https://www.hunt-analyser.com/hunt_sessions/31478,Burster Spectre #39,"Jun 16, 2025 13:37",01:11h,71,1,EK 501,501,501,501,1,12281860,5820324,593077,244158,837235,1,10379036,4918583,501191,707523.0,0,0,,spectre
31581,https://www.hunt-analyser.com/hunt_sessions/31581,Burster Spectre #40,"Jun 18, 2025 11:05",01:01h,61,1,EK 503,503,503,503,1,13509251,4807050,501199,248628,749827,1,13287787,4728245,492982,737535.0,0,0,,spectre
31728,https://www.hunt-analyser.com/hunt_sessions/31728,Burster Spectre #41,"Jun 22, 2025 09:03",00:45h,45,1,EK 505,505,505,505,1,10037740,3522074,416298,169998,586296,1,13383653,4696098,555064,781728.0,0,0,,spectre
31729,https://www.hunt-analyser.com/hunt_sessions/31729,Burster Spectre #42,"Jun 22, 2025 10:17",01:42h,102,1,EK 506,506,506,506,1,22022261,7786290,672666,421364,1094030,1,12954271,4580170,395685,643547.0,0,0,,spectre
31917,https://www.hunt-analyser.com/hunt_sessions/31917,Burster Spectre #43,"Jun 26, 2025 12:59",03:01h,181,1,EK 509,509,509,509,1,43995958,13217940,1435658,733828,2169486,1,14584295,4381637,475908,719167.0,0,0,,spectre
31986,https://www.hunt-analyser.com/hunt_sessions/31986,Burster Spectre #44,"Jun 27, 2025 10:22",01:29h,89,1,EK 513,513,513,513,1,20047360,6020472,520738,325366,846104,1,13515074,4058745,351059,570407.0,0,0,,spectre
32119,https://www.hunt-analyser.com/hunt_sessions/32119,Burster Spectre #45,"Jun 30, 2025 12:44",01:55h,115,1,EK 514,514,514,514,1,30945909,8675988,813324,501084,1314408,1,16145691,4526602,424342,685778.0,0,0,,spectre
33141,https://www.hunt-analyser.com/hunt_sessions/33141,Burster Spectre #47,"Jul 19, 2025 20:36",00:37h,37,1,EK 527,527,527,527,1,5685363,2973516,265236,161630,426866,1,9219507,4821917,430112,692215.0,0,0,,spectre
33346,https://www.hunt-analyser.com/hunt_sessions/33346,Burster Spectre #48,"Jul 23, 2025 01:20",00:32h,32,1,EK 528,528,528,528,1,3677202,2451468,255033,132258,387291,1,6894753,4596502,478186,726171.0,0,0,,spectre
33524,https://www.hunt-analyser.com/hunt_sessions/33524,Burster Spectre #49,"Jul 25, 2025 21:59",01:08h,68,1,EK 528,528,528,528,1,14873885,5386197,355224,252944,608168,1,13124016,4752526,313432,536619.0,0,0,,spectre
33637,https://www.hunt-analyser.com/hunt_sessions/33637,Burster Spectre #50,"Jul 27, 2025 16:01",00:28h,28,1,EK 529,529,529,529,1,6653285,2368920,228481,103540,332021,1,14257039,5076257,489602,711474.0,0,0,,spectre
33640,https://www.hunt-analyser.com/hunt_sessions/33640,Burster Spectre #51,"Jul 27, 2025 16:44",01:00h,60,1,EK 529,529,529,529,1,14332159,5069808,415462,211162,626624,1,14332159,5069808,415462,626624.0,0,0,,spectre
33851,https://www.hunt-analyser.com/hunt_sessions/33851,Burster Spectre #52,"Jul 30, 2025 21:49",01:08h,68,1,EK 531,531,531,531,1,15541696,5629487,539050,236310,775360,1,13713261,4967194,475632,684141.0,0,0,,spectre
34236,https://www.hunt-analyser.com/hunt_sessions/34236,Burster Spectre #53,"Aug 07, 2025 21:02",01:37h,97,1,EK 534,534,534,534,1,15788407,7518358,655892,316768,972660,1,9766024,4650530,405706,601645.0,0,0,,spectre
34308,https://www.hunt-analyser.com/hunt_sessions/34308,Burster Spectre #54,"Aug 08, 2025 21:09",02:00h,120,1,EK 536,536,536,536,1,41739832,9619611,986871,468176,1455047,1,20869916,4809805,493435,727524.0,0,0,,spectre
34346,https://www.hunt-analyser.com/hunt_sessions/34346,Burster Spectre #55,"Aug 09, 2025 13:46",01:54h,114,1,EK 539,539,539,539,1,39219744,9203520,963954,381578,1345532,1,20641970,4843957,507344,708175.0,0,0,,spectre
34410,https://www.hunt-analyser.com/hunt_sessions/34410,Burster Spectre #56,"Aug 10, 2025 12:09",01:04h,64,1,EK 544,544,544,544,1,14654556,5081160,463783,265401,729184,1,13738646,4763587,434796,683610.0,0,0,,spectre
34682,https://www.hunt-analyser.com/hunt_sessions/34682,Burster Spectre #57,"Aug 14, 2025 21:10",01:17h,77,1,EK 545,545,545,545,1,15671160,5846079,-382323,1175993,793670,1,12211293,4555386,-297915,618444.0,0,0,,spectre
34893,https://www.hunt-analyser.com/hunt_sessions/34893,Gazer Spectres,"Aug 18, 2025 12:47",00:28h,28,1,RP 432,432,432,432,1,1503180,1002120,151091,195899,346990,1,3221100,2147400,323766,743550.0,0,0,,spectre
36992,https://www.hunt-analyser.com/hunt_sessions/36992,Ripper Spectre,"Sep 21, 2025 11:39",01:00h,60,1,MS 630,630,630,630,1,5462492,3641817,839651,164113,1003764,1,5462492,3641817,839651,1003764.0,0,0,,spectre
37719,https://www.hunt-analyser.com/hunt_sessions/37719,Ripper Spectre,"Oct 03, 2025 12:24",00:50h,50,2,ED 315+EK 368,315,368,342,1,4935761,2594743,559796,362771,922567,1,5922913,3113691,671755,1107080.0,0,0,,spectre
38498,https://www.hunt-analyser.com/hunt_sessions/38498,Burster Spectre #58,"Oct 19, 2025 14:39",01:03h,63,1,EK 549,549,549,549,1,7581600,5054400,393221,179492,572713,1,7220571,4813714,374496,545441.0,0,0,,spectre
38628,https://www.hunt-analyser.com/hunt_sessions/38628,Burster Spectre #59,"Oct 22, 2025 18:53",01:08h,68,1,EK 550,550,550,550,1,8378640,5585760,591874,213176,805050,1,7392917,4928611,522241,710338.0,0,0,,spectre
38726,https://www.hunt-analyser.com/hunt_sessions/38726,Burster Spectre #60,"Oct 24, 2025 23:16",00:25h,25,1,EK 551,551,551,551,1,2997900,1998600,162020,76530,238550,1,7194960,4796640,388848,572520.0,0,0,,spectre
38802,https://www.hunt-analyser.com/hunt_sessions/38802,Burster Spectre #61,"Oct 26, 2025 09:39",00:17h,17,1,EK 552,552,552,552,1,3850182,1404600,151574,48546,200120,1,13588877,4957411,534967,706306.0,0,0,,spectre
41046,https://www.hunt-analyser.com/hunt_sessions/41046,INQ Demon Forge (The Well of Souls),"Dec 11, 2025 15:40",01:04h,64,1,EK 434,434,434,434,1,1514454,1514454,310019,165806,475825,1,1419800,1419800,290642,446086.0,0,0,,demon
43353,https://www.hunt-analyser.com/hunt_sessions/43353,Burster Spectre,"Feb 07, 2026 02:46",00:22h,22,0,,,,,1,2509569,1195033,27341,0,27341,0,6844279,3259180,74566,74566.0,0,0,,spectre
43487,https://www.hunt-analyser.com/hunt_sessions/43487,Gazer Spectres,"Feb 11, 2026 23:34",00:58h,58,3,ED 196+EM 178+EK 178,178,196,184,1,2214629,1476420,-72195,815411,743216,1,2290995,1527331,-74685,768844.0,0,0,,spectre
43629,https://www.hunt-analyser.com/hunt_sessions/43629,Gazers Spectres,"Feb 15, 2026 23:04",01:18h,78,3,ED 203+EM 185+EK 187,185,203,192,1,2423166,1227415,50213,743680,793893,1,1863973,944165,38625,610687.0,0,0,,spectre
43686,https://www.hunt-analyser.com/hunt_sessions/43686,Gazer Spectre,"Feb 17, 2026 15:07",00:26h,26,0,,,,,1,1660110,1106740,237249,0,237249,0,3831023,2554015,547497,547498.0,0,0,,spectre
43747,https://www.hunt-analyser.com/hunt_sessions/43747,Ripper Spectres,"Feb 18, 2026 22:06",02:07h,127,4,ED 213+EM 194+MS 271+EK 199,194,271,219,1,5428919,3619292,572826,1691764,2264590,1,2564843,1709901,270626,1069885.0,0,0,,spectre
43825,https://www.hunt-analyser.com/hunt_sessions/43825,Ripper Spectres,"Feb 19, 2026 22:30",01:49h,109,4,ED 216+EM 197+EK 203+RP 184,184,216,200,1,3792867,2528584,65912,1531375,1597287,1,2087816,1391881,36281,879241.0,0,0,,spectre
44000,https://www.hunt-analyser.com/hunt_sessions/44000,Burster Spectre,"Feb 24, 2026 16:53",00:25h,25,0,,,,,1,3013065,1339140,105349,0,105349,0,7231356,3213936,252837,252838.0,0,0,,spectre
44366,https://www.hunt-analyser.com/hunt_sessions/44366,PH Gazer Spectres - No Thanatursus,"Mar 04, 2026 19:34",01:43h,103,1,ED 326,326,326,326,1,4279590,2699760,644290,157010,801300,1,2492965,1572675,375314,466777.0,0,0,,spectre
44751,https://www.hunt-analyser.com/hunt_sessions/44751,Ripper Spectres,"Mar 11, 2026 19:35",01:05h,65,0,,,,,1,5319221,3546306,402215,0,402215,0,4910050,3273513,371275,371275.0,0,0,,spectre
44753,https://www.hunt-analyser.com/hunt_sessions/44753,Ripper Spectres,"Mar 11, 2026 22:02",01:05h,65,0,,,,,1,4775789,3184003,503914,0,503914,0,4408420,2939079,465151,465151.0,0,0,,spectre
44765,https://www.hunt-analyser.com/hunt_sessions/44765,Ripper Spectres,"Mar 12, 2026 06:45",00:52h,52,0,,,,,1,3616575,2411157,343727,0,343727,0,4172971,2782104,396608,396608.0,0,0,,spectre
47140,https://www.hunt-analyser.com/hunt_sessions/47140,Oramond Furys,"May 11, 2026 10:58",00:28h,28,1,RP 617,617,617,617,1,3927862,1871336,593862,168692,762554,1,8416847,4010005,1272561,1634044.0,0,0,,spectre
48262,https://www.hunt-analyser.com/hunt_sessions/48262,Ripper Spectre,"Jun 03, 2026 19:27",00:51h,51,3,ED 200+MS 171+EK 205,171,205,192,0,0,0,136480,391785,528265,1,0,0,160564,621488.0,0,0,,spectre
48828,https://www.hunt-analyser.com/hunt_sessions/48828,Burster Spectres,"Jun 17, 2026 05:36",00:16h,16,1,RP 641,641,641,641,1,1899000,1266000,147698,48167,195865,1,7121250,4747500,553867,734494.0,0,0,,spectre
49530,https://www.hunt-analyser.com/hunt_sessions/49530,Gazer Spectre,"Jun 25, 2026 00:33",01:00h,60,1,RP 562,562,562,562,1,4364010,2909340,661515,254712,916227,1,4364010,2909340,661515,916227.0,0,0,,spectre
50335,https://www.hunt-analyser.com/hunt_sessions/50335,Gazer Spectres,"Jul 04, 2026 05:45",00:30h,30,1,RP 656,656,656,656,1,6315967,1684258,390667,81436,472103,1,12631934,3368516,781334,944206.0,0,0,,spectre
50336,https://www.hunt-analyser.com/hunt_sessions/50336,Burster Spectres,"Jul 04, 2026 05:08",00:30h,30,1,RP 657,657,657,657,1,8804250,2347800,273211,88228,361439,1,17608500,4695600,546422,722878.0,0,0,,spectre
50735,https://www.hunt-analyser.com/hunt_sessions/50735,Ripper Spectre,"Jul 08, 2026 23:43",01:00h,60,1,RP 567,567,567,567,1,5688525,3792350,639575,345427,985002,1,5688525,3792350,639575,985002.0,0,0,,spectre
50796,https://www.hunt-analyser.com/hunt_sessions/50796,Ripper Spectre,"Jul 09, 2026 10:44",00:42h,42,1,RP 661,661,661,661,1,5701998,4071959,938758,120046,1058804,1,8145711,5817084,1341082,1512577.0,0,0,,spectre
51201,https://www.hunt-analyser.com/hunt_sessions/51201,Ripper Spectre,"Jul 14, 2026 04:37",00:34h,34,1,RP 665,665,665,665,1,4480620,3194580,646418,118434,764852,1,7906976,5637494,1140737,1349739.0,0,0,,spectre
51391,https://www.hunt-analyser.com/hunt_sessions/51391,Ripper Spectre,"Jul 16, 2026 08:52",00:55h,55,1,RP 665,665,665,665,1,7490522,5352432,1185844,168513,1354357,1,8171478,5839016,1293648,1477480.0,0,0,,spectre
52068,https://www.hunt-analyser.com/hunt_sessions/52068,Ripper Spectre,"Jul 25, 2026 05:53",00:32h,32,1,RP 672,672,672,672,1,5168709,3878306,1015372,95297,1110669,1,9691329,7271823,1903822,2082504.0,0,0,,spectre
53031,https://www.hunt-analyser.com/hunt_sessions/53031,Burster Spectres,"Aug 05, 2026 13:05",00:42h,42,1,RP 676,676,676,676,1,4921016,4351016,441090,123064,564154,1,7030022,6215737,630128,805934.0,0,0,,spectre
53132,https://www.hunt-analyser.com/hunt_sessions/53132,Ripper Spectre,"Aug 06, 2026 13:02",00:13h,13,1,MS 327,327,327,327,1,1600401,785351,181650,45384,227034,1,7386466,3624696,838384,1047849.0,0,0,,spectre
53149,https://www.hunt-analyser.com/hunt_sessions/53149,GAZER SPECTRE +21% DMG BOUNTY,"Aug 06, 2026 16:21",00:47h,47,0,,,,,1,7608861,6327575,695906,0,695906,0,9713439,8077755,888390,888391.0,0,0,,spectre
53617,https://www.hunt-analyser.com/hunt_sessions/53617,Burster Spectre,"Aug 12, 2026 01:52",01:00h,60,1,RP 575,575,575,575,1,3677400,3677400,78019,368913,446932,1,3677400,3677400,78019,446932.0,0,0,,spectre
25222,https://www.hunt-analyser.com/hunt_sessions/25222,Carlin Cults,"Feb 20, 2025 09:46",00:17h,17,0,,,,,1,392340,229600,-30874,0,-30874,0,1384729,810352,-108968,-108967.0,0,0,,cults
27989,https://www.hunt-analyser.com/hunt_sessions/27989,mino cults,"Mar 31, 2025 07:22",02:30h,150,1,EK 270,270,270,270,1,2556766,2360916,1721485,184970,1906455,1,1022706,944366,688594,762582.0,0,0,,cults
36498,https://www.hunt-analyser.com/hunt_sessions/36498,MINO CULTS,"Sep 11, 2025 14:18",01:22h,82,1,EK 406,406,406,406,1,2058210,1372140,867892,147318,1015210,1,1506007,1004004,635042,742837.0,0,0,,cults
44399,https://www.hunt-analyser.com/hunt_sessions/44399,Cults Carlin,"Mar 05, 2026 17:44",00:09h,9,1,ED 446,446,446,446,1,294409,196273,-10576,23476,12900,1,1962726,1308486,-70507,86000.0,0,0,,cults
53032,https://www.hunt-analyser.com/hunt_sessions/53032,Roothings -2 x4 Hunt,"Aug 04, 2026 17:02",02:01h,121,4,MS 913+ED 866+EM 766+EK 839,766,913,846,0,0,0,5199343,3299107,8498450,1,0,0,2578186,4214107.0,0,0,,lizard
53845,https://www.hunt-analyser.com/hunt_sessions/53845,Crypt Warrior,"Aug 14, 2026 01:08",01:00h,60,0,,,,,1,13899284,4329542,464720,0,464720,0,13899284,4329542,464720,464720.0,0,0,,lizard
34294,https://www.hunt-analyser.com/hunt_sessions/34294,Edron Vampires,"Aug 08, 2025 12:31",01:22h,82,1,ED 645,645,645,645,1,1246125,830882,575867,59392,635259,1,911798,607962,421366,464824.0,0,0,,vampire
32898,https://www.hunt-analyser.com/hunt_sessions/32898,Asura Palace,"Jul 16, 2025 11:28",00:16h,16,1,RP 410,410,410,410,1,1371515,824895,56456,125144,181600,1,5143181,3093356,211710,681000.0,0,0,,asura
32960,https://www.hunt-analyser.com/hunt_sessions/32960,Asura Palace,"Jul 17, 2025 07:14",00:15h,15,1,RP 410,410,410,410,1,1423610,851611,77482,113022,190504,1,5694440,3406444,309928,762016.0,0,0,,asura
32966,https://www.hunt-analyser.com/hunt_sessions/32966,Asura Palace,"Jul 17, 2025 08:05",00:15h,15,1,RP 410,410,410,410,1,1339878,802280,84067,113256,197323,1,5359512,3209120,336268,789292.0,0,0,,asura
33127,https://www.hunt-analyser.com/hunt_sessions/33127,Asura Palace,"Jul 19, 2025 09:51",00:19h,19,1,RP 413,413,413,413,1,1471870,981247,108974,145731,254705,1,4648010,3098674,344128,804332.0,0,0,,asura
33228,https://www.hunt-analyser.com/hunt_sessions/33228,Asura Palace,"Jul 21, 2025 05:01",00:15h,15,1,RP 415,415,415,415,1,1221045,814030,70792,107152,177944,1,4884180,3256120,283168,711776.0,0,0,,asura
33966,https://www.hunt-analyser.com/hunt_sessions/33966,Asura Mirror,"Aug 02, 2025 03:24",00:11h,11,1,RP 423,423,423,423,1,973335,648890,10706,112948,123654,1,5309100,3539400,58396,674476.0,0,0,,asura
33968,https://www.hunt-analyser.com/hunt_sessions/33968,Asura Mirror,"Aug 02, 2025 04:42",00:30h,30,1,RP 423,423,423,423,1,4566777,2086421,114891,310284,425175,1,9133554,4172842,229782,850350.0,0,0,,asura
34268,https://www.hunt-analyser.com/hunt_sessions/34268,Asura Mirror,"Aug 08, 2025 01:36",01:00h,60,1,EK 396,396,396,396,1,7044939,4696628,837017,413320,1250337,1,7044939,4696628,837017,1250337.0,0,0,,asura
34270,https://www.hunt-analyser.com/hunt_sessions/34270,Asura Mirror,"Aug 08, 2025 03:09",01:00h,60,1,EK 396,396,396,396,1,7132157,4754772,861769,431670,1293439,1,7132157,4754772,861769,1293439.0,0,0,,asura
35166,https://www.hunt-analyser.com/hunt_sessions/35166,Asura Mirror,"Aug 22, 2025 02:53",01:00h,60,1,EK 422,422,422,422,1,7799747,5199833,937977,286223,1224200,1,7799747,5199833,937977,1224200.0,0,0,,asura
35198,https://www.hunt-analyser.com/hunt_sessions/35198,True asuras -2,"Aug 22, 2025 17:10",01:14h,74,3,RP 753+EK 661+ED 651,651,753,688,1,8431293,5621038,3242845,824892,4067737,1,6836183,4557598,2629333,3298165.0,0,0,,asura
35508,https://www.hunt-analyser.com/hunt_sessions/35508,Asura mirror,"Aug 28, 2025 21:38",01:03h,63,1,EM 310,310,310,310,1,6778062,4362005,309022,613672,922694,1,6455297,4154290,294306,878756.0,0,0,,asura
35737,https://www.hunt-analyser.com/hunt_sessions/35737,Asura Mirror,"Sep 01, 2025 02:08",01:00h,60,1,RP 488,488,488,488,1,4801086,3849313,216573,498359,714932,1,4801086,3849313,216573,714932.0,0,0,,asura
37824,https://www.hunt-analyser.com/hunt_sessions/37824,True asuras -2,"Oct 05, 2025 10:30",01:47h,107,2,EK 713+ED 699,699,713,706,1,11887530,7925467,3384443,875603,4260046,1,6665904,4444187,1897818,2388811.0,0,0,,asura
38541,https://www.hunt-analyser.com/hunt_sessions/38541,True asuras,"Oct 20, 2025 21:05",01:31h,91,3,ED 575+EK 578+MS 673,575,673,609,1,8384701,5589983,3109957,1047034,4156991,1,5528374,3685703,2050521,2740873.0,0,0,,asura
40436,https://www.hunt-analyser.com/hunt_sessions/40436,Asura Mirror,"Nov 28, 2025 13:15",01:00h,60,1,RP 498,498,498,498,1,6046508,4332071,492222,494307,986529,1,6046508,4332071,492222,986529.0,0,0,,asura
41042,https://www.hunt-analyser.com/hunt_sessions/41042,true asura duo,"Dec 11, 2025 14:25",01:00h,60,2,ED 1056+EK 753,753,1056,904,1,4447606,4447606,2013638,840490,2854128,1,4447606,4447606,2013638,2854128.0,0,0,,asura
41325,https://www.hunt-analyser.com/hunt_sessions/41325,Asura Palace,"Dec 17, 2025 11:07",00:51h,51,1,EK 437,437,437,437,1,3711555,2474370,553066,209899,762965,1,4366535,2911023,650665,897606.0,0,0,,asura
41933,https://www.hunt-analyser.com/hunt_sessions/41933,Asura Mirror,"Dec 31, 2025 07:14",01:04h,64,1,RP 530,530,530,530,1,9159873,6712835,544539,596006,1140545,1,8587380,6293282,510505,1069261.0,0,0,,asura
43152,https://www.hunt-analyser.com/hunt_sessions/43152,Asura Palace,"Feb 01, 2026 23:38",00:44h,44,3,EM 161+ED 181+EK 156,156,181,166,1,1902182,940268,65933,407408,473341,1,2593884,1282183,89908,645465.0,0,0,,asura
43568,https://www.hunt-analyser.com/hunt_sessions/43568,Asura Mirror,"Feb 14, 2026 02:54",00:34h,34,1,RP 556,556,556,556,1,4875025,3658769,187848,269163,457011,1,8602985,6456651,331496,806490.0,0,0,,asura
43880,https://www.hunt-analyser.com/hunt_sessions/43880,True asuras,"Feb 21, 2026 20:20",01:12h,72,2,EK 606+ED 605,605,606,606,1,7523357,5129984,2235912,716944,2952856,1,6269464,4274986,1863260,2460713.0,0,0,,asura
43904,https://www.hunt-analyser.com/hunt_sessions/43904,True asuras,"Feb 22, 2026 11:35",01:42h,102,2,EK 607+ED 606,606,607,606,1,11845456,7947595,3625324,1062312,4687636,1,6967915,4675055,2132543,2757433.0,0,0,,asura
44004,https://www.hunt-analyser.com/hunt_sessions/44004,True asuras,"Feb 24, 2026 21:13",02:01h,121,2,EK 608+ED 608,608,608,608,1,23697068,8994130,3816274,1289128,5105402,1,11750612,4459899,1892367,2531604.0,0,0,,asura
44100,https://www.hunt-analyser.com/hunt_sessions/44100,True Asura [2/26],"Feb 26, 2026 13:55",03:08h,188,3,ED 630+EK 633+RP 560,560,633,608,1,41031736,0,7156277,1982020,9138297,1,13095234,0,2283918,2916478.0,0,0,,asura
44269,https://www.hunt-analyser.com/hunt_sessions/44269,True asuras,"Mar 02, 2026 18:04",01:31h,91,2,EK 609+ED 609,609,609,609,1,11575138,7717197,3517255,968966,4486221,1,7631959,5088261,2319069,2957948.0,0,0,,asura
44317,https://www.hunt-analyser.com/hunt_sessions/44317,True asuras,"Mar 03, 2026 18:13",01:48h,108,2,EK 611+ED 611,611,611,611,0,0,0,4196427,1052735,5249162,1,0,0,2331348,2916201.0,0,0,,asura
44407,https://www.hunt-analyser.com/hunt_sessions/44407,True asuras,"Mar 05, 2026 21:55",00:52h,52,2,EK 612+ED 612,612,612,612,1,12487019,4461244,2026037,493259,2519296,1,14408098,5147589,2337735,2906880.0,0,0,,asura
44487,https://www.hunt-analyser.com/hunt_sessions/44487,True asuras,"Mar 06, 2026 21:07",02:26h,146,2,EK 613+ED 613,613,613,613,1,49033383,12472501,6403066,1386306,7789372,1,20150705,5125685,2631396,3201112.0,0,0,,asura
44520,https://www.hunt-analyser.com/hunt_sessions/44520,True asuras,"Mar 07, 2026 08:49",01:02h,62,2,ED 615+EK 613,613,615,614,1,16495206,5291508,3080517,589838,3670355,1,15963102,5120814,2981145,3551956.0,0,0,,asura
44528,https://www.hunt-analyser.com/hunt_sessions/44528,True Asura [3/7],"Mar 07, 2026 04:36",03:10h,190,3,ED 638+RP 576+EK 642,576,642,619,1,53189338,12595873,7137968,1981931,9119899,1,16796633,3977644,2254095,2879968.0,0,0,,asura
44547,https://www.hunt-analyser.com/hunt_sessions/44547,True asuras,"Mar 07, 2026 17:30",01:58h,118,3,EK 616+ED 616+RP 570,570,616,601,1,32188030,8241699,3552452,1981524,5533976,1,16366794,4190694,1806331,2813886.0,0,0,,asura
44738,https://www.hunt-analyser.com/hunt_sessions/44738,True asuras,"Mar 11, 2026 21:02",01:21h,81,3,ED 619+EK 619+RP 575,575,619,604,1,15802963,6992547,4226210,1224639,5450849,1,11705898,5179664,3130525,4037666.0,0,0,,asura
44775,https://www.hunt-analyser.com/hunt_sessions/44775,True asuras,"Mar 12, 2026 21:37",01:48h,108,3,EK 620+ED 620+RP 577,577,620,606,1,18959052,8625921,5023406,1482045,6505451,1,10532806,4792178,2790781,3614139.0,0,0,,asura
45059,https://www.hunt-analyser.com/hunt_sessions/45059,True asuras,"Mar 19, 2026 20:28",02:11h,131,2,EK 623+ED 623,623,623,623,1,22265687,9873897,4739182,1104421,5843603,1,10198024,4522395,2170617,2676459.0,0,0,,asura
45100,https://www.hunt-analyser.com/hunt_sessions/45100,True asuras,"Mar 20, 2026 19:25",01:39h,99,2,EK 624+ED 624,624,624,624,1,27529577,13280415,3981838,1022144,5003982,1,16684592,8048736,2413235,3032716.0,0,0,,asura
45127,https://www.hunt-analyser.com/hunt_sessions/45127,True asuras,"Mar 21, 2026 16:04",03:15h,195,2,EK 626+ED 626,626,626,626,1,54346880,24604576,9466459,1604817,11071276,1,16722116,7570638,2912756,3406546.0,0,0,,asura
45156,https://www.hunt-analyser.com/hunt_sessions/45156,True asuras,"Mar 22, 2026 10:42",01:23h,83,3,ED 629+EK 628+RP 627,627,629,628,1,21572569,10340688,4220898,1058354,5279252,1,15594628,7475196,3051251,3816327.0,0,0,,asura
45539,https://www.hunt-analyser.com/hunt_sessions/45539,Asura Mirror,"Apr 01, 2026 13:30",00:55h,55,0,,,,,1,5572091,3714729,421449,0,421449,0,6078644,4052431,459762,459763.0,0,0,,asura
46669,https://www.hunt-analyser.com/hunt_sessions/46669,Asura Mirror,"Apr 30, 2026 07:22",01:01h,61,1,EK 586,586,586,586,1,8376258,5584172,1120897,251004,1371901,1,8238942,5492628,1102521,1349411.0,0,0,,asura
47754,https://www.hunt-analyser.com/hunt_sessions/47754,True asuras,"May 22, 2026 21:35",01:56h,116,2,ED 1116+EK 1207,1116,1207,1162,1,15351079,10234711,4636083,976201,5612284,1,7940213,5293816,2397973,2902906.0,0,0,,asura
48993,https://www.hunt-analyser.com/hunt_sessions/48993,asura,"Jun 18, 2026 16:49",00:10h,10,1,RP 330,330,330,330,1,184349,0,33555,22506,56061,1,1106094,0,201330,336366.0,0,0,,asura
49267,https://www.hunt-analyser.com/hunt_sessions/49267,True asuras,"Jun 21, 2026 17:06",01:02h,62,2,ED 706+EK 708,706,708,707,1,12599112,6841564,3597572,342829,3940401,1,12192689,6620868,3481521,3813291.0,0,0,,asura
49568,https://www.hunt-analyser.com/hunt_sessions/49568,True asuras,"Jun 25, 2026 18:23",01:03h,63,2,ED 711+EK 713,711,713,712,1,15600007,6933121,3497048,411580,3908628,1,14857149,6602972,3330521,3722503.0,0,0,,asura
49759,https://www.hunt-analyser.com/hunt_sessions/49759,True asuras,"Jun 27, 2026 16:30",01:19h,79,2,ED 717+EK 718,717,718,718,1,20030461,8789200,4080762,608423,4689185,1,15213008,6675341,3099312,3561406.0,0,0,,asura
49787,https://www.hunt-analyser.com/hunt_sessions/49787,[BOUNTY ADEPT] [ED - RUBINOT] - Asura Mirror,"Jun 27, 2026 19:10",00:14h,14,0,,,,,1,7,2,576,0,576,0,30,8,2468,2469.0,0,0,,asura
50187,https://www.hunt-analyser.com/hunt_sessions/50187,True asuras,"Jul 02, 2026 18:15",00:22h,22,2,ED 731+EK 734,731,734,732,1,11448215,5087938,1201468,220168,1421636,1,31222404,13876194,3276730,3877189.0,0,0,,asura
50699,https://www.hunt-analyser.com/hunt_sessions/50699,Asura Mirror,"Jul 06, 2026 01:47",03:10h,190,1,EK 527,527,527,527,1,52785829,14289411,3199995,271856,3471851,1,16669209,4512445,1010524,1096374.0,0,0,,asura
51716,https://www.hunt-analyser.com/hunt_sessions/51716,True asuras,"Jul 20, 2026 18:50",01:00h,60,2,ED 751+EK 750,750,751,750,1,10455176,6970361,3387792,473810,3861602,1,10455176,6970361,3387792,3861602.0,0,0,,asura
52884,https://www.hunt-analyser.com/hunt_sessions/52884,Asura (Mirror),"Aug 03, 2026 22:24",01:00h,60,1,EK 637,637,637,637,1,5315561,3543830,568882,207330,776212,1,5315561,3543830,568882,776212.0,0,0,,asura
54069,https://www.hunt-analyser.com/hunt_sessions/54069,Asura Mirror,"Aug 16, 2026 02:43",00:30h,30,1,RP 682,682,682,682,1,7955868,4326459,640101,147630,787731,1,15911736,8652918,1280202,1575462.0,0,0,,asura
54689,https://www.hunt-analyser.com/hunt_sessions/54689,Asura mirror,"Aug 22, 2026 08:30",01:21h,81,1,RP 531,531,531,531,1,9678106,6452071,973454,392326,1365780,1,7168967,4779311,721077,1011689.0,0,0,,asura
54697,https://www.hunt-analyser.com/hunt_sessions/54697,Asura Mirror,"Aug 22, 2026 10:10",01:07h,67,1,RP 531,531,531,531,1,8704198,5802799,1077418,347366,1424784,1,7794804,5196536,964851,1275926.0,0,0,,asura
55194,https://www.hunt-analyser.com/hunt_sessions/55194,True asuras,"Aug 27, 2026 18:38",01:03h,63,2,ED 776+EK 771,771,776,774,1,10949606,7299996,3662323,540216,4202539,1,10428196,6952377,3487926,4002418.0,0,0,,asura
55427,https://www.hunt-analyser.com/hunt_sessions/55427,True asuras,"Aug 30, 2026 10:24",01:17h,77,2,ED 779+EK 776,776,779,778,1,13174017,8782990,4154746,682354,4837100,1,10265467,6843888,3237464,3769169.0,0,0,,asura
55514,https://www.hunt-analyser.com/hunt_sessions/55514,True asuras,"Aug 31, 2026 08:31",01:09h,69,2,ED 782+EK 778,778,782,780,1,11996431,7997903,4015348,566077,4581425,1,10431679,6954698,3491606,3983848.0,0,0,,asura
55858,https://www.hunt-analyser.com/hunt_sessions/55858,True asuras,"Sep 04, 2026 15:47",00:24h,24,2,ED 792+EK 787,787,792,790,1,5972339,2559672,1104269,211992,1316261,1,14930847,6399180,2760672,3290652.0,0,0,,asura
56613,https://www.hunt-analyser.com/hunt_sessions/56613,❄️ Iceplume Strider – Test Hunt,"Sep 11, 2026 15:17",00:20h,20,1,EM 916,916,916,916,1,4290759,2860511,533940,32705,566645,1,12872277,8581533,1601820,1699935.0,0,0,,asura
56813,https://www.hunt-analyser.com/hunt_sessions/56813,❄️ Iceplume Strider – Bounty Hunt,"Sep 13, 2026 17:25",01:01h,61,1,EM 918,918,918,918,1,13632939,9088636,2470874,103871,2574745,1,13409448,8939641,2430367,2532536.0,0,0,,asura
1217,https://www.hunt-analyser.com/hunt_sessions/1217,demons 6666,"Feb 21, 2024 16:14",01:28h,88,1,RP 483,483,483,483,1,4297083,2864724,562818,371324,934142,1,2929829,1953220,383739,636915.0,0,0,,demon
1749,https://www.hunt-analyser.com/hunt_sessions/1749,True Asuras with blood,"Mar 17, 2024 20:14",00:58h,58,2,ED 617+EK 725,617,725,671,1,5217585,5217585,1287875,544650,1832525,1,5397501,5397501,1332284,1895716.0,0,0,,demon
1752,https://www.hunt-analyser.com/hunt_sessions/1752,Jug seal z charmami (częściowo) +50% raw expa na demony,"Mar 17, 2024 21:57",03:07h,187,4,EK 732+RP 619+MS 729+ED 561,561,732,660,1,41807559,18914329,5748560,3170003,8918563,1,13414190,6068768,1844457,2861571.0,0,0,,demon
27533,https://www.hunt-analyser.com/hunt_sessions/27533,Azillion -3 -4 trio (Demon event),"Mar 21, 2025 10:06",03:31h,211,3,RP 1159+ED 1007+EK 1037,1007,1159,1068,1,170068088,63420761,8865006,5490097,14355103,1,48360593,18034339,2520854,4082020.0,0,0,,demon
27578,https://www.hunt-analyser.com/hunt_sessions/27578,Pumin Seal Demon boost 01,"Mar 21, 2025 21:26",00:52h,52,2,MS 692+EK 770,692,770,731,1,8121925,5414617,1650373,478404,2128777,1,9371451,6247635,1904276,2456281.0,0,0,,demon
30031,https://www.hunt-analyser.com/hunt_sessions/30031,Burster Spectre #25,"May 14, 2025 14:06",01:22h,82,1,EK 472,472,472,472,1,20550101,5726898,596042,336472,932514,1,15036659,4190413,436128,682327.0,0,0,,demon
30034,https://www.hunt-analyser.com/hunt_sessions/30034,Burster Spectre #26,"May 14, 2025 16:36",01:16h,76,1,EK 474,474,474,474,1,18864297,5597496,525854,310210,836064,1,14892866,4419075,415147,660051.0,0,0,,demon
37250,https://www.hunt-analyser.com/hunt_sessions/37250,Abandoned Sewers,"Sep 25, 2025 18:30",00:26h,26,1,RP 449,449,449,449,1,1822821,1215215,194223,191091,385314,1,4206510,2804342,448206,889186.0,0,0,,demon
38400,https://www.hunt-analyser.com/hunt_sessions/38400,Prison -3 Demon Boost 03,"Oct 17, 2025 01:05",01:47h,107,2,MS 800+EK 821,800,821,810,1,39721381,15472459,4378187,622851,5001038,1,22273671,8676145,2455058,2804320.0,0,0,,demon
38570,https://www.hunt-analyser.com/hunt_sessions/38570,Abandoned Sewers,"Oct 21, 2025 04:59",00:58h,58,1,RP 467,467,467,467,1,5019680,3346457,426867,373028,799895,1,5192772,3461852,441586,827478.0,0,0,,demon
38912,https://www.hunt-analyser.com/hunt_sessions/38912,Abandoned Sewers,"Oct 28, 2025 14:30",00:28h,28,1,RP 471,471,471,471,1,2038762,1359176,303994,184308,488302,1,4368775,2912520,651415,1046361.0,0,0,,demon
41091,https://www.hunt-analyser.com/hunt_sessions/41091,Oramond Demons,"Dec 12, 2025 15:01",01:06h,66,1,EK 435,435,435,435,1,1699350,1699350,647945,219190,867135,1,1544863,1544863,589040,788305.0,0,0,,demon
42139,https://www.hunt-analyser.com/hunt_sessions/42139,Oramond Sewers,"Jan 06, 2026 16:22",00:38h,38,1,RP 431,431,431,431,1,3718935,1723298,819524,311068,1130592,1,5872002,2720996,1293985,1785145.0,0,0,,demon
42159,https://www.hunt-analyser.com/hunt_sessions/42159,Oramond Sewers,"Jan 07, 2026 03:54",00:30h,30,1,RP 432,432,432,432,1,2966692,1383795,885927,248746,1134673,1,5933384,2767590,1771854,2269346.0,0,0,,demon
42161,https://www.hunt-analyser.com/hunt_sessions/42161,Oramond Sewers,"Jan 07, 2026 04:51",00:36h,36,1,RP 432,432,432,432,1,3650064,1683378,565659,300050,865709,1,6083440,2805630,942765,1442848.0,0,0,,demon
44540,https://www.hunt-analyser.com/hunt_sessions/44540,Catedral -1,"Mar 07, 2026 12:54",00:29h,29,2,ED 451+EK 373,373,451,412,1,5055219,1685073,407242,232929,640171,1,10459073,3486357,842569,1324492.0,0,0,,demon
44985,https://www.hunt-analyser.com/hunt_sessions/44985,Goana Esquerda,"Mar 17, 2026 22:32",00:54h,54,4,ED 469+EM 438+EK 410+RP 390,390,469,427,1,8481496,5654371,956219,1592883,2549102,1,9423884,6282634,1062465,2832336.0,0,0,,demon
45098,https://www.hunt-analyser.com/hunt_sessions/45098,catacombs demon boosted (de novo) x2,"Mar 20, 2026 16:30",00:31h,31,2,RP 490+MS 432,432,490,461,1,5156811,2305617,563851,315254,879105,1,9980924,4462484,1091324,1701494.0,0,0,,demon
45101,https://www.hunt-analyser.com/hunt_sessions/45101,catacombs demon boosted (de novo) x2,"Mar 20, 2026 16:30",00:31h,31,2,RP 490+MS 432,432,490,461,1,2575314,2324558,563851,315254,879105,1,4984478,4499144,1091324,1701494.0,0,0,,demon
45112,https://www.hunt-analyser.com/hunt_sessions/45112,Grounds of Fire (Infernatil),"Mar 20, 2026 23:05",01:02h,62,1,ED 1292,1292,1292,1292,1,23394793,10414859,1845374,165880,2011254,1,22640122,10078895,1785845,1946375.0,0,0,,demon
47295,https://www.hunt-analyser.com/hunt_sessions/47295,iks occ (Mitmah Seers),"May 14, 2026 10:40",00:33h,33,1,RP 618,618,618,618,1,7823491,3973958,435664,231429,667093,1,14224529,7225378,792116,1212896.0,0,0,,demon
47353,https://www.hunt-analyser.com/hunt_sessions/47353,Rootthings -2 (Podzilla),"May 15, 2026 09:21",01:30h,90,4,MS 858+ED 977+EK 984+RP 940,858,984,940,1,49483492,18008471,5374962,2380888,7755850,1,32988994,12005647,3583308,5170567.0,0,0,,demon
47363,https://www.hunt-analyser.com/hunt_sessions/47363,Rootthings -2 (Podzilla),"May 15, 2026 11:19",01:29h,89,4,MS 858+ED 977+EK 984+RP 940,858,984,940,1,47125705,16986934,4727195,2415805,7143000,1,31770138,11451865,3186873,4815506.0,0,0,,demon
47423,https://www.hunt-analyser.com/hunt_sessions/47423,DT -1 (VEX BOUNTY),"May 16, 2026 08:17",01:01h,61,1,EK 1172,1172,1172,1172,1,13661487,6916296,1985338,391181,2376519,1,13437528,6802914,1952791,2337560.0,0,0,,demon
47433,https://www.hunt-analyser.com/hunt_sessions/47433,Rootthings -2 (Podzilla),"May 16, 2026 09:18",01:32h,92,4,MS 860+ED 980+EK 986+RP 942,860,986,942,1,58913380,19322915,5391511,2691089,8082600,1,38421769,12601901,3516202,5271261.0,0,0,,demon
47436,https://www.hunt-analyser.com/hunt_sessions/47436,Rootthings -2 (Podzilla),"May 16, 2026 11:13",01:26h,86,4,MS 860+ED 980+EK 986+RP 942,860,986,942,1,49721593,17364248,4709267,2437583,7146850,1,34689483,12114591,3285535,4986174.0,0,0,,demon
47458,https://www.hunt-analyser.com/hunt_sessions/47458,WZ 8 (SD BOUNTY),"May 16, 2026 19:26",01:02h,62,1,EK 1173,1173,1173,1173,1,12984059,6975658,2847878,407608,3255486,1,12565218,6750636,2756010,3150470.0,0,0,,demon
47548,https://www.hunt-analyser.com/hunt_sessions/47548,Rootthings -2 (Podzilla),"May 18, 2026 09:17",01:28h,88,4,MS 866+ED 984+EK 990+RP 948,866,990,947,1,50473265,18251179,4720965,2730085,7451050,1,34413589,12443985,3218839,5080261.0,0,0,,demon
48650,https://www.hunt-analyser.com/hunt_sessions/48650,Demons Edron,"Jun 13, 2026 18:06",00:56h,56,1,RP 328,328,328,328,1,441514,0,71450,38607,110057,1,473050,0,76553,117918.0,0,0,,demon
49294,https://www.hunt-analyser.com/hunt_sessions/49294,cobra bastion,"Jun 21, 2026 20:31",01:08h,68,1,EK 652,652,652,652,1,21274669,8404478,901729,905277,1807006,1,18771766,7415715,795643,1594417.0,0,0,,demon
49641,https://www.hunt-analyser.com/hunt_sessions/49641,Feru way,"Jun 26, 2026 11:53",01:09h,69,1,RP 845,845,845,845,1,16747695,7443396,2555183,552829,3108012,1,14563213,6472518,2221898,2702619.0,0,0,,demon
50901,https://www.hunt-analyser.com/hunt_sessions/50901,Demon Goroma,"Jul 10, 2026 13:57",01:01h,61,1,EK 351,351,351,351,1,1393110,928740,506861,117496,624357,1,1370272,913514,498551,614122.0,0,0,,demon
50923,https://www.hunt-analyser.com/hunt_sessions/50923,demons Oramond 30 minutes,"Jul 10, 2026 18:00",01:00h,60,1,ED 474,474,474,474,1,1248870,832580,252470,74569,327039,1,1248870,832580,252470,327039.0,0,0,,demon
50928,https://www.hunt-analyser.com/hunt_sessions/50928,demons goroma 30m,"Jul 10, 2026 19:25",00:28h,28,1,ED 474,474,474,474,1,858516,572344,305579,36492,342071,1,1839677,1226451,654812,733009.0,0,0,,demon
52228,https://www.hunt-analyser.com/hunt_sessions/52228,Caminho de Ferumbras,"Jul 27, 2026 16:26",00:45h,45,1,RP 1012,1012,1012,1012,1,8305962,5881722,1594115,371485,1965600,1,11074616,7842296,2125486,2620800.0,0,0,,demon
6555,https://www.hunt-analyser.com/hunt_sessions/6555,Jug seal na zboostowanych demonach po orcsoberfeście,"Oct 18, 2024 22:10",02:25h,145,4,MS 760+RP 596+ED 688+EK 519,519,760,641,1,37993986,17986629,4995360,3323341,8318701,1,15721649,7442743,2067045,3442221.0,0,0,,demon
6587,https://www.hunt-analyser.com/hunt_sessions/6587,Prison -3 Demon Boost 01,"Oct 19, 2024 09:46",01:18h,78,2,MS 631+EK 709,631,709,670,1,19005779,9149674,2060493,805736,2866229,1,14619830,7038210,1584994,2204792.0,0,0,,demon
6603,https://www.hunt-analyser.com/hunt_sessions/6603,Prison -2 (Orcsoberfest Boost),"Oct 19, 2024 20:28",01:01h,61,1,EK 631,631,631,631,1,7620071,5080182,604939,431269,1036208,1,7495151,4996900,595021,1019221.0,0,0,,demon
6646,https://www.hunt-analyser.com/hunt_sessions/6646,Prison -2 (Orcsoberfest Boost),"Oct 20, 2024 07:26",01:01h,61,1,EK 631,631,631,631,1,7566891,5044724,753230,386415,1139645,1,7442843,4962023,740881,1120962.0,0,0,,demon
6652,https://www.hunt-analyser.com/hunt_sessions/6652,Prison -2 (Orcsoberfest Boost),"Oct 20, 2024 09:39",01:00h,60,1,EK 631,631,631,631,1,7700595,5133866,909965,424606,1334571,1,7700595,5133866,909965,1334571.0,0,0,,demon
6677,https://www.hunt-analyser.com/hunt_sessions/6677,Prison -3 Demon Boost 02,"Oct 20, 2024 12:35",01:10h,70,2,MS 633+EK 711,633,711,672,1,18245028,8511981,2193999,629394,2823393,1,15638595,7295983,1880570,2420051.0,0,0,,demon
6703,https://www.hunt-analyser.com/hunt_sessions/6703,Prison -1,"Oct 21, 2024 06:50",01:00h,60,1,EK 632,632,632,632,1,5399416,3599748,727926,280937,1008863,1,5399416,3599748,727926,1008863.0,0,0,,demon
6704,https://www.hunt-analyser.com/hunt_sessions/6704,Prison -1,"Oct 21, 2024 08:04",01:00h,60,1,EK 632,632,632,632,1,5401530,3601157,930323,333151,1263474,1,5401530,3601157,930323,1263474.0,0,0,,demon
7265,https://www.hunt-analyser.com/hunt_sessions/7265,Prison -1,"Oct 28, 2024 21:37",01:01h,61,1,EK 640,640,640,640,1,5378795,3586003,856295,312972,1169267,1,5290618,3527216,842257,1150099.0,0,0,,demon
10194,https://www.hunt-analyser.com/hunt_sessions/10194,Roshamuul Depot,"Nov 20, 2024 04:39",01:13h,73,1,EK 591,591,591,591,1,4765314,4381654,763930,515115,1279045,1,3916696,3601359,627887,1051270.0,0,0,,roshamuul
10335,https://www.hunt-analyser.com/hunt_sessions/10335,RP Solo Roshamuul After Bones,"Nov 21, 2024 17:29",00:49h,49,1,RP 567,567,567,567,1,6716263,3480591,368044,491425,859469,1,8223995,4261948,450666,1052411.0,0,0,,roshamuul
10750,https://www.hunt-analyser.com/hunt_sessions/10750,RP Solo Roshamuul After Bones,"Nov 26, 2024 18:05",00:34h,34,1,RP 568,568,568,568,1,3832960,2555308,313981,316198,630179,1,6764047,4509367,554084,1112081.0,0,0,,roshamuul
27570,https://www.hunt-analyser.com/hunt_sessions/27570,Roshamuul Mines - Terrorsleep,"Mar 21, 2025 23:38",00:22h,22,1,RP 33,33,33,33,1,22,1,693,132,825,1,60,2,1890,2250.0,0,0,,roshamuul
30008,https://www.hunt-analyser.com/hunt_sessions/30008,Roshamuul Mines 1,"May 14, 2025 01:11",01:00h,60,1,RP 466,466,466,466,1,3849095,2253999,208385,445466,653851,1,3849095,2253999,208385,653851.0,0,0,,roshamuul
30104,https://www.hunt-analyser.com/hunt_sessions/30104,Roshamuul Mines 2,"May 16, 2025 00:23",01:00h,60,1,RP 467,467,467,467,1,6267634,2785552,348337,433316,781653,1,6267634,2785552,348337,781653.0,0,0,,roshamuul
32826,https://www.hunt-analyser.com/hunt_sessions/32826,Roshamuul west,"Jul 15, 2025 20:54",01:01h,61,1,RP 818,818,818,818,1,11617061,6778791,1108084,514656,1622740,1,11426617,6667663,1089918,1596138.0,0,0,,roshamuul
33749,https://www.hunt-analyser.com/hunt_sessions/33749,Roshamuul West,"Jul 28, 2025 18:59",00:43h,43,1,RP 589,589,589,589,1,4914005,3276116,638791,442036,1080827,1,6856751,4571324,891336,1508131.0,0,0,,roshamuul
34191,https://www.hunt-analyser.com/hunt_sessions/34191,Roshamuul West,"Aug 06, 2025 18:48",00:46h,46,1,RP 592,592,592,592,1,5944215,3962935,840066,442986,1283052,1,7753323,5169045,1095738,1673546.0,0,0,,roshamuul
35558,https://www.hunt-analyser.com/hunt_sessions/35558,Roshamuul West,"Aug 29, 2025 07:12",02:11h,131,1,RP 557,557,557,557,1,30174822,11363436,1824998,1361996,3186994,1,13820529,5204627,835876,1459692.0,0,0,,roshamuul
35628,https://www.hunt-analyser.com/hunt_sessions/35628,Roshamuul West,"Aug 30, 2025 06:40",02:11h,131,1,RP 559,559,559,559,1,30661662,11503798,1818157,1463846,3282003,1,14043509,5268915,832743,1503207.0,0,0,,roshamuul
35733,https://www.hunt-analyser.com/hunt_sessions/35733,Roshamuul West,"Aug 31, 2025 19:25",00:49h,49,1,RP 563,563,563,563,1,5667728,2540662,324273,368714,692987,1,6940075,3111014,397068,848556.0,0,0,,roshamuul
35874,https://www.hunt-analyser.com/hunt_sessions/35874,Roshamuul West,"Sep 02, 2025 14:15",02:05h,125,1,RP 563,563,563,563,1,30430830,11393636,1611122,1447072,3058194,1,14606798,5468945,773338,1467933.0,0,0,,roshamuul
35961,https://www.hunt-analyser.com/hunt_sessions/35961,Roshamuul West,"Sep 03, 2025 15:27",02:15h,135,1,RP 565,565,565,565,1,31051389,11651723,1775293,1431541,3206834,1,13800617,5178543,789019,1425260.0,0,0,,roshamuul
36173,https://www.hunt-analyser.com/hunt_sessions/36173,Roshamuul West,"Sep 06, 2025 04:20",02:12h,132,1,RP 572,572,572,572,1,50384859,11631082,1675127,1387035,3062162,1,22902208,5286855,761421,1391892.0,0,0,,roshamuul
36869,https://www.hunt-analyser.com/hunt_sessions/36869,Roshamuul West,"Sep 18, 2025 13:14",02:05h,125,1,RP 591,591,591,591,1,30931156,11565859,1819299,1361997,3181296,1,14846954,5551612,873263,1527022.0,0,0,,roshamuul
38260,https://www.hunt-analyser.com/hunt_sessions/38260,Roshamuul West - First run,"Oct 14, 2025 11:39",00:18h,18,1,RP 502,502,502,502,1,1472261,981508,100172,169248,269420,1,4907536,3271693,333906,898067.0,0,0,,roshamuul
41852,https://www.hunt-analyser.com/hunt_sessions/41852,Lower Roshamuul,"Dec 28, 2025 20:23",00:35h,35,1,RP 425,425,425,425,1,5495142,1831714,264192,319366,583558,1,9420243,3140081,452900,1000385.0,0,0,,roshamuul
42192,https://www.hunt-analyser.com/hunt_sessions/42192,Lower Roshamuul,"Jan 08, 2026 01:59",00:32h,32,1,RP 433,433,433,433,1,3099974,1797215,369481,277285,646766,1,5812451,3369778,692776,1212686.0,0,0,,roshamuul
44612,https://www.hunt-analyser.com/hunt_sessions/44612,Lower Roshamuul,"Mar 08, 2026 12:02",00:47h,47,1,RP 442,442,442,442,1,7174050,2391350,470759,382720,853479,1,9158361,3052787,600968,1089548.0,0,0,,roshamuul
45237,https://www.hunt-analyser.com/hunt_sessions/45237,After/West Roshamuul,"Mar 24, 2026 07:23",01:06h,66,1,EK 724,724,724,724,1,5929354,4561916,1071222,295504,1366726,1,5390321,4147196,973838,1242478.0,0,0,,roshamuul
46048,https://www.hunt-analyser.com/hunt_sessions/46048,Upper Roshamuul (North Depot),"Apr 15, 2026 09:47",01:00h,60,1,EK 737,737,737,737,1,4658037,4658037,1323680,248004,1571684,1,4658037,4658037,1323680,1571684.0,0,0,,roshamuul
46233,https://www.hunt-analyser.com/hunt_sessions/46233,(First Hunt) Upper Roshamuul - Nort DP,"Apr 19, 2026 18:05",01:01h,61,1,EK 739,739,739,739,1,5109301,5109301,1456981,315459,1772440,1,5025541,5025541,1433096,1743384.0,0,0,,roshamuul
48935,https://www.hunt-analyser.com/hunt_sessions/48935,Roshamuul West,"Jun 18, 2026 18:24",01:00h,60,1,RP 491,491,491,491,1,15774332,7042928,1795163,415225,2210388,1,15774332,7042928,1795163,2210388.0,0,0,,roshamuul
4914,https://www.hunt-analyser.com/hunt_sessions/4914,Upper Roshamuul Depot,"Sep 11, 2024 09:35",01:03h,63,1,EK 559,559,559,559,1,5652800,3653680,843683,367891,1211574,1,5383619,3479695,803507,1153880.0,0,0,,roshamuul
4948,https://www.hunt-analyser.com/hunt_sessions/4948,Roshamuul Depot,"Sep 12, 2024 01:38",02:15h,135,1,EK 560,560,560,560,1,7275164,7275156,1248026,953321,2201347,1,3233406,3233402,554678,978376.0,0,0,,roshamuul
49879,https://www.hunt-analyser.com/hunt_sessions/49879,Roshamuul,"Jun 28, 2026 16:39",00:21h,21,1,RP 335,335,335,335,1,1054215,0,78990,94032,173022,1,3012042,0,225685,494349.0,0,0,,roshamuul
51398,https://www.hunt-analyser.com/hunt_sessions/51398,Roshamuul West,"Jul 16, 2026 11:02",01:05h,65,1,RP 811,811,811,811,1,11153375,7435764,1912774,391560,2304334,1,10295423,6863782,1765637,2127078.0,0,0,,roshamuul
52190,https://www.hunt-analyser.com/hunt_sessions/52190,North Roshamuul (South - SOLO RP),"Jul 27, 2026 03:22",00:30h,30,1,RP 910,910,910,910,1,8067901,5794852,2359925,268348,2628273,1,16135802,11589704,4719850,5256546.0,0,0,,roshamuul
52856,https://www.hunt-analyser.com/hunt_sessions/52856,Roshamuul DP,"Aug 03, 2026 16:41",02:06h,126,1,RP 1097,1097,1097,1097,1,26839545,17893030,5426850,511565,5938415,1,12780735,8520490,2584214,2827817.0,0,0,,roshamuul
52922,https://www.hunt-analyser.com/hunt_sessions/52922,Roshamuul DP,"Aug 04, 2026 13:13",02:21h,141,1,RP 1098,1098,1098,1098,1,31771455,21180971,6144816,589882,6734698,1,13519768,9013179,2614815,2865829.0,0,0,,roshamuul
53422,https://www.hunt-analyser.com/hunt_sessions/53422,Roshamuul DP,"Aug 09, 2026 18:31",02:17h,137,1,RP 1100,1100,1100,1100,1,39647914,21712797,6239121,818261,7057382,1,17364049,9509254,2732461,3090824.0,0,0,,roshamuul
54405,https://www.hunt-analyser.com/hunt_sessions/54405,Upper Roshamuul,"Aug 19, 2026 05:10",02:00h,120,1,RP 793,793,793,793,1,30510848,14489676,3699519,1167418,4866937,1,15255424,7244838,1849759,2433468.0,0,0,,roshamuul
54907,https://www.hunt-analyser.com/hunt_sessions/54907,Roshamuul West,"Aug 24, 2026 14:35",00:29h,29,1,RP 467,467,467,467,1,4167527,2778352,508689,278025,786714,1,8622469,5748314,1052460,1627684.0,0,0,,roshamuul
55588,https://www.hunt-analyser.com/hunt_sessions/55588,West Roshamuul (SOLO RP),"Sep 01, 2026 03:31",00:47h,47,1,RP 932,932,932,932,1,16956936,10559689,1557798,342076,1899874,1,21647152,13480454,1988678,2425371.0,0,0,,roshamuul
8449,https://www.hunt-analyser.com/hunt_sessions/8449,Upper Roshamuul Depot,"Nov 07, 2024 03:22",01:01h,61,1,EK 585,585,585,585,1,3497535,3497535,545285,454078,999363,1,3440198,3440198,536345,982980.0,0,0,,roshamuul
8461,https://www.hunt-analyser.com/hunt_sessions/8461,Roshamuul Depot,"Nov 07, 2024 04:27",01:04h,64,1,EK 585,585,585,585,1,3065508,3065508,434535,458226,892761,1,2873913,2873913,407376,836963.0,0,0,,roshamuul
32941,https://www.hunt-analyser.com/hunt_sessions/32941,Medusa Tower,"Jul 16, 2025 23:00",00:50h,50,1,EK 352,352,352,352,1,3278850,2185901,273171,249300,522471,1,3934620,2623081,327805,626965.0,0,0,,medusa
33144,https://www.hunt-analyser.com/hunt_sessions/33144,Medusa Tower,"Jul 19, 2025 16:30",00:40h,40,1,EK 358,358,358,358,1,2639445,1759632,251148,178108,429256,1,3959167,2639448,376722,643884.0,0,0,,medusa
33222,https://www.hunt-analyser.com/hunt_sessions/33222,Medusa Tower,"Jul 20, 2025 22:53",01:00h,60,1,EK 362,362,362,362,1,4018034,2678690,439362,257868,697230,1,4018034,2678690,439362,697230.0,0,0,,medusa
42429,https://www.hunt-analyser.com/hunt_sessions/42429,Deep Banuta -8,"Jan 14, 2026 00:23",00:38h,38,0,,,,,1,2041545,1361030,278083,0,278083,0,3223492,2148994,439078,439078.0,0,0,,banuta
51555,https://www.hunt-analyser.com/hunt_sessions/51555,Medusa Tower,"Jul 18, 2026 10:39",00:38h,38,1,ED 407,407,407,407,1,1577974,1051983,275617,39974,315591,1,2491537,1661025,435184,498302.0,0,0,,medusa
14650,https://www.hunt-analyser.com/hunt_sessions/14650,Glooth Tower,"Dec 30, 2024 17:04",01:00h,60,1,EK 308,308,308,308,1,2708640,1805868,377711,249846,627557,1,2708640,1805868,377711,627557.0,0,0,,glooth
30406,https://www.hunt-analyser.com/hunt_sessions/30406,GLOOTH TOWER - BOOSTADO MONK,"May 22, 2025 16:57",02:01h,121,1,EM 208,208,208,208,1,4594797,2378004,427802,483707,911509,1,2278411,1179175,212133,451988.0,0,0,,glooth
30431,https://www.hunt-analyser.com/hunt_sessions/30431,glooth tower,"May 22, 2025 23:13",01:17h,77,1,EM 210,210,210,210,1,4027551,1517052,419210,456073,875283,1,3138351,1182118,326657,682039.0,0,0,,glooth
33477,https://www.hunt-analyser.com/hunt_sessions/33477,Wildlife Raid Oramond,"Jul 24, 2025 22:15",00:19h,19,1,RP 382,382,382,382,1,2134767,1423349,633181,141167,774348,1,6741369,4494786,1999518,2445309.0,0,0,,glooth
33481,https://www.hunt-analyser.com/hunt_sessions/33481,Wildlife Raid Oramond,"Jul 24, 2025 23:15",00:19h,19,1,RP 382,382,382,382,1,2131141,1420934,269602,146756,416358,1,6729918,4487160,851374,1314815.0,0,0,,glooth
33657,https://www.hunt-analyser.com/hunt_sessions/33657,Wildlife Raid Oramond,"Jul 27, 2025 17:16",00:21h,21,1,RP 383,383,383,383,1,3441971,1529710,433003,161632,594635,1,9834202,4370600,1237151,1698957.0,0,0,,glooth
34715,https://www.hunt-analyser.com/hunt_sessions/34715,Glooth Bandits (East),"Aug 15, 2025 04:58",00:28h,28,1,RP 430,430,430,430,1,1542564,850664,236987,111876,348863,1,3305494,1822851,507829,747564.0,0,0,,glooth
36882,https://www.hunt-analyser.com/hunt_sessions/36882,Glooth bandit,"Sep 19, 2025 02:22",01:15h,75,0,,,,,1,14,440,35,0,35,0,11,352,28,28.0,0,0,,glooth
7463,https://www.hunt-analyser.com/hunt_sessions/7463,Glooth Bandits South (East),"Oct 29, 2024 15:13",01:02h,62,1,EK 266,266,266,266,1,1797549,0,289397,88503,377900,1,1739563,0,280061,365710.0,0,0,,glooth
7508,https://www.hunt-analyser.com/hunt_sessions/7508,Glooth Bandit (East),"Oct 29, 2024 22:36",01:05h,65,1,RP 202,202,202,202,1,2558325,1402000,189464,283314,472778,1,2361530,1294153,174889,436410.0,0,0,,glooth
37089,https://www.hunt-analyser.com/hunt_sessions/37089,BANUTA -4,"Sep 23, 2025 14:56",00:40h,40,1,EK 408,408,408,408,1,2083821,1389214,388172,96127,484299,1,3125731,2083821,582258,726448.0,0,0,,banuta
37100,https://www.hunt-analyser.com/hunt_sessions/37100,BANUTA -4,"Sep 23, 2025 18:29",00:40h,40,1,EK 408,408,408,408,1,2116263,1410843,286006,104016,390022,1,3174394,2116264,429009,585033.0,0,0,,banuta
40692,https://www.hunt-analyser.com/hunt_sessions/40692,Deeper Banuta -4,"Dec 03, 2025 08:44",01:00h,60,1,EK 576,576,576,576,1,5106375,2333025,990352,124968,1115320,1,5106375,2333025,990352,1115320.0,0,0,,banuta
46285,https://www.hunt-analyser.com/hunt_sessions/46285,Deeper Banuta -8,"Apr 21, 2026 15:06",01:25h,85,1,RP 416,416,416,416,1,4032672,2688452,272091,285336,557427,1,2846592,1897730,192064,393478.0,0,0,,banuta
47482,https://www.hunt-analyser.com/hunt_sessions/47482,Deeper banuta -1,"May 17, 2026 07:17",01:03h,63,0,,,,,1,2880703,1280376,86778,0,86778,0,2743526,1219405,82645,82646.0,0,0,,banuta
49066,https://www.hunt-analyser.com/hunt_sessions/49066,Banuta -4,"Jun 19, 2026 11:42",01:52h,112,3,RP 244+MS 228+EM 277,228,277,250,1,2824227,1225136,2279460,671027,2950487,1,1512978,656322,1221139,1580618.0,0,0,,banuta
9590,https://www.hunt-analyser.com/hunt_sessions/9590,Banuta -3,"Nov 15, 2024 00:49",00:30h,30,1,EK 272,272,272,272,1,1098468,0,146057,106611,252668,1,2196936,0,292114,505336.0,0,0,,banuta
