hunt_id,spawn,hunt_date,minutes,creature,killed,kills_per_h,xp_h,loot_h,balance_h,url
52279,Crypt Warrior,"Jul 28, 2026 09:45",28,Crypt Warrior,433,927.9,8447524,681249,681248,https://www.hunt-analyser.com/hunt_sessions/52279
52560,Edron Vampire Crypts,"Jul 31, 2026 11:55",37,Vampire,74,120.0,323414,62528,21496,https://www.hunt-analyser.com/hunt_sessions/52560
52560,Edron Vampire Crypts,"Jul 31, 2026 11:55",37,Necromancer,70,113.5,323414,62528,21496,https://www.hunt-analyser.com/hunt_sessions/52560
52560,Edron Vampire Crypts,"Jul 31, 2026 11:55",37,Bonebeast,68,110.3,323414,62528,21496,https://www.hunt-analyser.com/hunt_sessions/52560
52560,Edron Vampire Crypts,"Jul 31, 2026 11:55",37,Demon Skeleton,31,50.3,323414,62528,21496,https://www.hunt-analyser.com/hunt_sessions/52560
52560,Edron Vampire Crypts,"Jul 31, 2026 11:55",37,Vampire Bride,13,21.1,323414,62528,21496,https://www.hunt-analyser.com/hunt_sessions/52560
52560,Edron Vampire Crypts,"Jul 31, 2026 11:55",37,Vampire Viscount,11,17.8,323414,62528,21496,https://www.hunt-analyser.com/hunt_sessions/52560
52572,Port Hope Spider Cave,"Jul 31, 2026 15:40",60,Giant Spider,261,261.0,376290,63228,11549,https://www.hunt-analyser.com/hunt_sessions/52572
52572,Port Hope Spider Cave,"Jul 31, 2026 15:40",60,Tarantula,115,115.0,376290,63228,11549,https://www.hunt-analyser.com/hunt_sessions/52572
52667,Port Hope Spider Cave,"Aug 01, 2026 17:33",60,Giant Spider,291,291.0,616481,52699,-6279,https://www.hunt-analyser.com/hunt_sessions/52667
52667,Port Hope Spider Cave,"Aug 01, 2026 17:33",60,Tarantula,128,128.0,616481,52699,-6279,https://www.hunt-analyser.com/hunt_sessions/52667
52773,Port Hope Water Elementals (South),"Aug 02, 2026 21:36",32,Water Elemental,197,369.4,371756,39651,3928,https://www.hunt-analyser.com/hunt_sessions/52773
52773,Port Hope Water Elementals (South),"Aug 02, 2026 21:36",32,Quara Mantassin Scout,40,75.0,371756,39651,3928,https://www.hunt-analyser.com/hunt_sessions/52773
52823,Liberty Bay Quara Grotto,"Aug 03, 2026 13:40",22,Quara Mantassin Scout,19,51.8,365440,66622,16254,https://www.hunt-analyser.com/hunt_sessions/52823
52823,Liberty Bay Quara Grotto,"Aug 03, 2026 13:40",22,Quara Mantassin,19,51.8,365440,66622,16254,https://www.hunt-analyser.com/hunt_sessions/52823
52823,Liberty Bay Quara Grotto,"Aug 03, 2026 13:40",22,Quara Pincher Scout,18,49.1,365440,66622,16254,https://www.hunt-analyser.com/hunt_sessions/52823
52823,Liberty Bay Quara Grotto,"Aug 03, 2026 13:40",22,Quara Constrictor,16,43.6,365440,66622,16254,https://www.hunt-analyser.com/hunt_sessions/52823
52823,Liberty Bay Quara Grotto,"Aug 03, 2026 13:40",22,Quara Hydromancer,15,40.9,365440,66622,16254,https://www.hunt-analyser.com/hunt_sessions/52823
52823,Liberty Bay Quara Grotto,"Aug 03, 2026 13:40",22,Quara Predator Scout,14,38.2,365440,66622,16254,https://www.hunt-analyser.com/hunt_sessions/52823
52823,Liberty Bay Quara Grotto,"Aug 03, 2026 13:40",22,Quara Pincher,14,38.2,365440,66622,16254,https://www.hunt-analyser.com/hunt_sessions/52823
52823,Liberty Bay Quara Grotto,"Aug 03, 2026 13:40",22,Quara Constrictor Scout,12,32.7,365440,66622,16254,https://www.hunt-analyser.com/hunt_sessions/52823
52823,Liberty Bay Quara Grotto,"Aug 03, 2026 13:40",22,Quara Predator,6,16.4,365440,66622,16254,https://www.hunt-analyser.com/hunt_sessions/52823
52823,Liberty Bay Quara Grotto,"Aug 03, 2026 13:40",22,Quara Hydromancer Scout,6,16.4,365440,66622,16254,https://www.hunt-analyser.com/hunt_sessions/52823
53124,Yalahar Bog Raiders Central,"Aug 06, 2026 16:03",30,Bog Raider,148,296.0,629342,75424,-17260,https://www.hunt-analyser.com/hunt_sessions/53124
53124,Yalahar Bog Raiders Central,"Aug 06, 2026 16:03",30,Death Blob,33,66.0,629342,75424,-17260,https://www.hunt-analyser.com/hunt_sessions/53124
53124,Yalahar Bog Raiders Central,"Aug 06, 2026 16:03",30,Nightmare Scion,32,64.0,629342,75424,-17260,https://www.hunt-analyser.com/hunt_sessions/53124
53124,Yalahar Bog Raiders Central,"Aug 06, 2026 16:03",30,Nightmare,17,34.0,629342,75424,-17260,https://www.hunt-analyser.com/hunt_sessions/53124
53124,Yalahar Bog Raiders Central,"Aug 06, 2026 16:03",30,Mutated Tiger,10,20.0,629342,75424,-17260,https://www.hunt-analyser.com/hunt_sessions/53124
53124,Yalahar Bog Raiders Central,"Aug 06, 2026 16:03",30,Acid Blob,1,2.0,629342,75424,-17260,https://www.hunt-analyser.com/hunt_sessions/53124
37083,Edron Were cave1,"Sep 23, 2025 10:34",34,Werefox,57,100.6,907515,270355,154374,https://www.hunt-analyser.com/hunt_sessions/37083
37083,Edron Were cave1,"Sep 23, 2025 10:34",34,Werebadger,50,88.2,907515,270355,154374,https://www.hunt-analyser.com/hunt_sessions/37083
37083,Edron Were cave1,"Sep 23, 2025 10:34",34,Wereboar,33,58.2,907515,270355,154374,https://www.hunt-analyser.com/hunt_sessions/37083
37083,Edron Were cave1,"Sep 23, 2025 10:34",34,Werebear,25,44.1,907515,270355,154374,https://www.hunt-analyser.com/hunt_sessions/37083
37083,Edron Were cave1,"Sep 23, 2025 10:34",34,Werewolf,19,33.5,907515,270355,154374,https://www.hunt-analyser.com/hunt_sessions/37083
37083,Edron Were cave1,"Sep 23, 2025 10:34",34,Poison Spider,6,10.6,907515,270355,154374,https://www.hunt-analyser.com/hunt_sessions/37083
37083,Edron Were cave1,"Sep 23, 2025 10:34",34,Orc Warrior,2,3.5,907515,270355,154374,https://www.hunt-analyser.com/hunt_sessions/37083
37083,Edron Were cave1,"Sep 23, 2025 10:34",34,Orc,2,3.5,907515,270355,154374,https://www.hunt-analyser.com/hunt_sessions/37083
37083,Edron Were cave1,"Sep 23, 2025 10:34",34,Orc Spearman,1,1.8,907515,270355,154374,https://www.hunt-analyser.com/hunt_sessions/37083
37085,Edron Were cave2,"Sep 23, 2025 12:13",24,Werefox,54,135.0,1173645,144892,13692,https://www.hunt-analyser.com/hunt_sessions/37085
37085,Edron Were cave2,"Sep 23, 2025 12:13",24,Werebadger,41,102.5,1173645,144892,13692,https://www.hunt-analyser.com/hunt_sessions/37085
37085,Edron Were cave2,"Sep 23, 2025 12:13",24,Wereboar,34,85.0,1173645,144892,13692,https://www.hunt-analyser.com/hunt_sessions/37085
37085,Edron Were cave2,"Sep 23, 2025 12:13",24,Werebear,25,62.5,1173645,144892,13692,https://www.hunt-analyser.com/hunt_sessions/37085
37085,Edron Were cave2,"Sep 23, 2025 12:13",24,Werewolf,19,47.5,1173645,144892,13692,https://www.hunt-analyser.com/hunt_sessions/37085
37180,Edron Were cave3,"Sep 24, 2025 18:22",26,Werefox,59,136.2,1172106,164661,29633,https://www.hunt-analyser.com/hunt_sessions/37180
37180,Edron Were cave3,"Sep 24, 2025 18:22",26,Werebadger,50,115.4,1172106,164661,29633,https://www.hunt-analyser.com/hunt_sessions/37180
37180,Edron Were cave3,"Sep 24, 2025 18:22",26,Wereboar,38,87.7,1172106,164661,29633,https://www.hunt-analyser.com/hunt_sessions/37180
37180,Edron Were cave3,"Sep 24, 2025 18:22",26,Werebear,26,60.0,1172106,164661,29633,https://www.hunt-analyser.com/hunt_sessions/37180
37180,Edron Were cave3,"Sep 24, 2025 18:22",26,Werewolf,20,46.2,1172106,164661,29633,https://www.hunt-analyser.com/hunt_sessions/37180
37608,Edron Werecave with 5 bosses,"Oct 01, 2025 10:57",20,Werefox,37,111.0,1153770,348618,197637,https://www.hunt-analyser.com/hunt_sessions/37608
37608,Edron Werecave with 5 bosses,"Oct 01, 2025 10:57",20,Werebadger,36,108.0,1153770,348618,197637,https://www.hunt-analyser.com/hunt_sessions/37608
37608,Edron Werecave with 5 bosses,"Oct 01, 2025 10:57",20,Wereboar,29,87.0,1153770,348618,197637,https://www.hunt-analyser.com/hunt_sessions/37608
37608,Edron Werecave with 5 bosses,"Oct 01, 2025 10:57",20,Werebear,19,57.0,1153770,348618,197637,https://www.hunt-analyser.com/hunt_sessions/37608
37608,Edron Werecave with 5 bosses,"Oct 01, 2025 10:57",20,Werewolf,15,45.0,1153770,348618,197637,https://www.hunt-analyser.com/hunt_sessions/37608
37608,Edron Werecave with 5 bosses,"Oct 01, 2025 10:57",20,Sharpclaw,1,3.0,1153770,348618,197637,https://www.hunt-analyser.com/hunt_sessions/37608
37608,Edron Werecave with 5 bosses,"Oct 01, 2025 10:57",20,Shadowpelt,1,3.0,1153770,348618,197637,https://www.hunt-analyser.com/hunt_sessions/37608
37608,Edron Werecave with 5 bosses,"Oct 01, 2025 10:57",20,Darkfang,1,3.0,1153770,348618,197637,https://www.hunt-analyser.com/hunt_sessions/37608
37608,Edron Werecave with 5 bosses,"Oct 01, 2025 10:57",20,Bloodback,1,3.0,1153770,348618,197637,https://www.hunt-analyser.com/hunt_sessions/37608
37608,Edron Werecave with 5 bosses,"Oct 01, 2025 10:57",20,Black Vixen,1,3.0,1153770,348618,197637,https://www.hunt-analyser.com/hunt_sessions/37608
38346,Exotic cave spider -1 -2   MK 188,"Oct 16, 2025 04:28",30,Exotic Bat,307,614.0,1678954,369520,214790,https://www.hunt-analyser.com/hunt_sessions/38346
38346,Exotic cave spider -1 -2   MK 188,"Oct 16, 2025 04:28",30,Exotic Cave Spider,137,274.0,1678954,369520,214790,https://www.hunt-analyser.com/hunt_sessions/38346
38793,Asura Palace,"Oct 25, 2025 23:55",38,Midnight Asura,118,186.3,3990873,515752,49605,https://www.hunt-analyser.com/hunt_sessions/38793
38793,Asura Palace,"Oct 25, 2025 23:55",38,Hellspawn,109,172.1,3990873,515752,49605,https://www.hunt-analyser.com/hunt_sessions/38793
38793,Asura Palace,"Oct 25, 2025 23:55",38,Dawnfire Asura,104,164.2,3990873,515752,49605,https://www.hunt-analyser.com/hunt_sessions/38793
38793,Asura Palace,"Oct 25, 2025 23:55",38,Frost Flower Asura,57,90.0,3990873,515752,49605,https://www.hunt-analyser.com/hunt_sessions/38793
38812,Drefia Grim Reaper,"Oct 26, 2025 12:50",35,Grim Reaper,164,281.1,2430498,157629,-120258,https://www.hunt-analyser.com/hunt_sessions/38812
38812,Drefia Grim Reaper,"Oct 26, 2025 12:50",35,Banshee,11,18.9,2430498,157629,-120258,https://www.hunt-analyser.com/hunt_sessions/38812
38812,Drefia Grim Reaper,"Oct 26, 2025 12:50",35,Spectre,10,17.1,2430498,157629,-120258,https://www.hunt-analyser.com/hunt_sessions/38812
38812,Drefia Grim Reaper,"Oct 26, 2025 12:50",35,Gravedigger,4,6.9,2430498,157629,-120258,https://www.hunt-analyser.com/hunt_sessions/38812
38812,Drefia Grim Reaper,"Oct 26, 2025 12:50",35,Stalker,3,5.1,2430498,157629,-120258,https://www.hunt-analyser.com/hunt_sessions/38812
38812,Drefia Grim Reaper,"Oct 26, 2025 12:50",35,Shadow Pupil,2,3.4,2430498,157629,-120258,https://www.hunt-analyser.com/hunt_sessions/38812
38812,Drefia Grim Reaper,"Oct 26, 2025 12:50",35,Scorpion,2,3.4,2430498,157629,-120258,https://www.hunt-analyser.com/hunt_sessions/38812
38812,Drefia Grim Reaper,"Oct 26, 2025 12:50",35,Tarnished Spirit,1,1.7,2430498,157629,-120258,https://www.hunt-analyser.com/hunt_sessions/38812
38812,Drefia Grim Reaper,"Oct 26, 2025 12:50",35,Skeleton Warrior,1,1.7,2430498,157629,-120258,https://www.hunt-analyser.com/hunt_sessions/38812
38835,Yalahar Grim Reaper,"Oct 26, 2025 21:32",49,Grim Reaper,301,368.6,3130163,240776,-197636,https://www.hunt-analyser.com/hunt_sessions/38835
38835,Yalahar Grim Reaper,"Oct 26, 2025 21:32",49,Nightmare Scion,17,20.8,3130163,240776,-197636,https://www.hunt-analyser.com/hunt_sessions/38835
38835,Yalahar Grim Reaper,"Oct 26, 2025 21:32",49,Nightmare,14,17.1,3130163,240776,-197636,https://www.hunt-analyser.com/hunt_sessions/38835
38836,Yalahar Grim Reaper,"Oct 26, 2025 22:35",54,Grim Reaper,417,463.3,3821813,275373,-222767,https://www.hunt-analyser.com/hunt_sessions/38836
38955,Yalahar Grim Reaper,"Oct 29, 2025 09:16",54,Grim Reaper,473,525.6,5503916,318220,-105683,https://www.hunt-analyser.com/hunt_sessions/38955
38955,Yalahar Grim Reaper,"Oct 29, 2025 09:16",54,Nightmare,7,7.8,5503916,318220,-105683,https://www.hunt-analyser.com/hunt_sessions/38955
38955,Yalahar Grim Reaper,"Oct 29, 2025 09:16",54,Nightmare Scion,3,3.3,5503916,318220,-105683,https://www.hunt-analyser.com/hunt_sessions/38955
39300,cult carlin com party,"Nov 05, 2025 21:07",27,Cult Believer,136,302.2,660144,13958,-100809,https://www.hunt-analyser.com/hunt_sessions/39300
39300,cult carlin com party,"Nov 05, 2025 21:07",27,Renegade Knight,81,180.0,660144,13958,-100809,https://www.hunt-analyser.com/hunt_sessions/39300
39300,cult carlin com party,"Nov 05, 2025 21:07",27,Vicious Squire,60,133.3,660144,13958,-100809,https://www.hunt-analyser.com/hunt_sessions/39300
39300,cult carlin com party,"Nov 05, 2025 21:07",27,Vile Grandmaster,25,55.6,660144,13958,-100809,https://www.hunt-analyser.com/hunt_sessions/39300
39992,werehyena teste,"Nov 19, 2025 13:44",28,Werehyaena,160,342.9,1592485,383164,24407,https://www.hunt-analyser.com/hunt_sessions/39992
39992,werehyena teste,"Nov 19, 2025 13:44",28,Werehyaena Shaman,65,139.3,1592485,383164,24407,https://www.hunt-analyser.com/hunt_sessions/39992
40531,Lizard City,"Nov 30, 2025 10:17",121,Lizard High Guard,436,216.2,673620,56018,-26591,https://www.hunt-analyser.com/hunt_sessions/40531
40531,Lizard City,"Nov 30, 2025 10:17",121,Lizard Legionnaire,164,81.3,673620,56018,-26591,https://www.hunt-analyser.com/hunt_sessions/40531
40531,Lizard City,"Nov 30, 2025 10:17",121,Lizard Dragon Priest,63,31.2,673620,56018,-26591,https://www.hunt-analyser.com/hunt_sessions/40531
40531,Lizard City,"Nov 30, 2025 10:17",121,Lizard Zaogun,7,3.5,673620,56018,-26591,https://www.hunt-analyser.com/hunt_sessions/40531
40912,Oramond Slums,"Dec 08, 2025 14:50",14,Rot Elemental,70,300.0,1645144,437533,118727,https://www.hunt-analyser.com/hunt_sessions/40912
40912,Oramond Slums,"Dec 08, 2025 14:50",14,Glooth Blob,62,265.7,1645144,437533,118727,https://www.hunt-analyser.com/hunt_sessions/40912
40912,Oramond Slums,"Dec 08, 2025 14:50",14,Blood Beast,45,192.9,1645144,437533,118727,https://www.hunt-analyser.com/hunt_sessions/40912
40912,Oramond Slums,"Dec 08, 2025 14:50",14,Quara Hydromancer Scout,34,145.7,1645144,437533,118727,https://www.hunt-analyser.com/hunt_sessions/40912
40912,Oramond Slums,"Dec 08, 2025 14:50",14,Quara Predator Scout,33,141.4,1645144,437533,118727,https://www.hunt-analyser.com/hunt_sessions/40912
40912,Oramond Slums,"Dec 08, 2025 14:50",14,Devourer,29,124.3,1645144,437533,118727,https://www.hunt-analyser.com/hunt_sessions/40912
40912,Oramond Slums,"Dec 08, 2025 14:50",14,Quara Pincher Scout,28,120.0,1645144,437533,118727,https://www.hunt-analyser.com/hunt_sessions/40912
40912,Oramond Slums,"Dec 08, 2025 14:50",14,Quara Constrictor Scout,26,111.4,1645144,437533,118727,https://www.hunt-analyser.com/hunt_sessions/40912
41129,Lizards,"Dec 13, 2025 09:43",32,Lizard High Guard,22,41.2,153217,11798,-4178,https://www.hunt-analyser.com/hunt_sessions/41129
41129,Lizards,"Dec 13, 2025 09:43",32,Lizard Legionnaire,20,37.5,153217,11798,-4178,https://www.hunt-analyser.com/hunt_sessions/41129
41129,Lizards,"Dec 13, 2025 09:43",32,Lancer Beetle,1,1.9,153217,11798,-4178,https://www.hunt-analyser.com/hunt_sessions/41129
41129,Lizards,"Dec 13, 2025 09:43",32,Dragon,1,1.9,153217,11798,-4178,https://www.hunt-analyser.com/hunt_sessions/41129
43891,Glooth Bandit,"Feb 21, 2026 21:31",102,Glooth Bandit,384,225.9,845701,303631,205208,https://www.hunt-analyser.com/hunt_sessions/43891
43891,Glooth Bandit,"Feb 21, 2026 21:31",102,Glooth Brigand,352,207.1,845701,303631,205208,https://www.hunt-analyser.com/hunt_sessions/43891
43941,mini rosha,"Feb 23, 2026 05:07",33,Weakened Frazzlemaw,125,227.3,1161545,87358,87358,https://www.hunt-analyser.com/hunt_sessions/43941
43941,mini rosha,"Feb 23, 2026 05:07",33,Enfeebled Silencer,70,127.3,1161545,87358,87358,https://www.hunt-analyser.com/hunt_sessions/43941
43941,mini rosha,"Feb 23, 2026 05:07",33,Boogy,8,14.5,1161545,87358,87358,https://www.hunt-analyser.com/hunt_sessions/43941
43941,mini rosha,"Feb 23, 2026 05:07",33,Swan Maiden,4,7.3,1161545,87358,87358,https://www.hunt-analyser.com/hunt_sessions/43941
43941,mini rosha,"Feb 23, 2026 05:07",33,Dark Faun,3,5.5,1161545,87358,87358,https://www.hunt-analyser.com/hunt_sessions/43941
43941,mini rosha,"Feb 23, 2026 05:07",33,Nymph,2,3.6,1161545,87358,87358,https://www.hunt-analyser.com/hunt_sessions/43941
43941,mini rosha,"Feb 23, 2026 05:07",33,Pixie,1,1.8,1161545,87358,87358,https://www.hunt-analyser.com/hunt_sessions/43941
43941,mini rosha,"Feb 23, 2026 05:07",33,Kroazur,1,1.8,1161545,87358,87358,https://www.hunt-analyser.com/hunt_sessions/43941
47748,Exotic Cave,"May 22, 2026 15:49",33,Exotic Bat,150,272.7,746934,183958,-1199,https://www.hunt-analyser.com/hunt_sessions/47748
47748,Exotic Cave,"May 22, 2026 15:49",33,Exotic Cave Spider,61,110.9,746934,183958,-1199,https://www.hunt-analyser.com/hunt_sessions/47748
47748,Exotic Cave,"May 22, 2026 15:49",33,Pirat Scoundrel,3,5.5,746934,183958,-1199,https://www.hunt-analyser.com/hunt_sessions/47748
47748,Exotic Cave,"May 22, 2026 15:49",33,Pirat Cutthroat,2,3.6,746934,183958,-1199,https://www.hunt-analyser.com/hunt_sessions/47748
49116,gazer sceptre,"Jun 19, 2026 18:37",30,Gazer Spectre,291,582.0,3708180,570976,272654,https://www.hunt-analyser.com/hunt_sessions/49116
49116,gazer sceptre,"Jun 19, 2026 18:37",30,Thanatursus,2,4.0,3708180,570976,272654,https://www.hunt-analyser.com/hunt_sessions/49116
49117,gazer sceptre,"Jun 19, 2026 15:06",35,Gazer Spectre,259,444.0,3586102,544286,278794,https://www.hunt-analyser.com/hunt_sessions/49117
49117,gazer sceptre,"Jun 19, 2026 15:06",35,Thanatursus,1,1.7,3586102,544286,278794,https://www.hunt-analyser.com/hunt_sessions/49117
50575,lavas with prey,"Jul 07, 2026 10:44",103,Ravenous Lava Lurker,775,451.5,3774798,0,-185119,https://www.hunt-analyser.com/hunt_sessions/50575
51512,Hero Fortres,"Jul 17, 2026 19:32",41,Vicious Squire,169,247.3,833152,130117,94476,https://www.hunt-analyser.com/hunt_sessions/51512
51512,Hero Fortres,"Jul 17, 2026 19:32",41,Hero,98,143.4,833152,130117,94476,https://www.hunt-analyser.com/hunt_sessions/51512
51512,Hero Fortres,"Jul 17, 2026 19:32",41,Bonebeast,64,93.7,833152,130117,94476,https://www.hunt-analyser.com/hunt_sessions/51512
51512,Hero Fortres,"Jul 17, 2026 19:32",41,Renegade Knight,34,49.8,833152,130117,94476,https://www.hunt-analyser.com/hunt_sessions/51512
51512,Hero Fortres,"Jul 17, 2026 19:32",41,Dwarf Henchman,32,46.8,833152,130117,94476,https://www.hunt-analyser.com/hunt_sessions/51512
51512,Hero Fortres,"Jul 17, 2026 19:32",41,Vile Grandmaster,16,23.4,833152,130117,94476,https://www.hunt-analyser.com/hunt_sessions/51512
51512,Hero Fortres,"Jul 17, 2026 19:32",41,Wyvern,12,17.6,833152,130117,94476,https://www.hunt-analyser.com/hunt_sessions/51512
51512,Hero Fortres,"Jul 17, 2026 19:32",41,Stone Golem,4,5.9,833152,130117,94476,https://www.hunt-analyser.com/hunt_sessions/51512
51512,Hero Fortres,"Jul 17, 2026 19:32",41,Lich,3,4.4,833152,130117,94476,https://www.hunt-analyser.com/hunt_sessions/51512
51512,Hero Fortres,"Jul 17, 2026 19:32",41,Mechanical Fighter,2,2.9,833152,130117,94476,https://www.hunt-analyser.com/hunt_sessions/51512
51512,Hero Fortres,"Jul 17, 2026 19:32",41,Rat,1,1.5,833152,130117,94476,https://www.hunt-analyser.com/hunt_sessions/51512
51512,Hero Fortres,"Jul 17, 2026 19:32",41,Mad Technomancer,1,1.5,833152,130117,94476,https://www.hunt-analyser.com/hunt_sessions/51512
52059,Vampire Crypt (Edron),"Jul 25, 2026 00:41",57,Vampire Bride,423,445.3,1376977,394573,367134,https://www.hunt-analyser.com/hunt_sessions/52059
52059,Vampire Crypt (Edron),"Jul 25, 2026 00:41",57,Vampire Viscount,360,378.9,1376977,394573,367134,https://www.hunt-analyser.com/hunt_sessions/52059
52059,Vampire Crypt (Edron),"Jul 25, 2026 00:41",57,Vampire,336,353.7,1376977,394573,367134,https://www.hunt-analyser.com/hunt_sessions/52059
52059,Vampire Crypt (Edron),"Jul 25, 2026 00:41",57,Snake,9,9.5,1376977,394573,367134,https://www.hunt-analyser.com/hunt_sessions/52059
52059,Vampire Crypt (Edron),"Jul 25, 2026 00:41",57,Wyvern,2,2.1,1376977,394573,367134,https://www.hunt-analyser.com/hunt_sessions/52059
52059,Vampire Crypt (Edron),"Jul 25, 2026 00:41",57,Wolf,2,2.1,1376977,394573,367134,https://www.hunt-analyser.com/hunt_sessions/52059
52059,Vampire Crypt (Edron),"Jul 25, 2026 00:41",57,Wisp,2,2.1,1376977,394573,367134,https://www.hunt-analyser.com/hunt_sessions/52059
52059,Vampire Crypt (Edron),"Jul 25, 2026 00:41",57,Rabbit,1,1.1,1376977,394573,367134,https://www.hunt-analyser.com/hunt_sessions/52059
52059,Vampire Crypt (Edron),"Jul 25, 2026 00:41",57,Deer,1,1.1,1376977,394573,367134,https://www.hunt-analyser.com/hunt_sessions/52059
52356,Dark Fauns -2,"Jul 29, 2026 02:41",30,Dark Faun,262,524.0,1711696,399498,327484,https://www.hunt-analyser.com/hunt_sessions/52356
52356,Dark Fauns -2,"Jul 29, 2026 02:41",30,Twisted Pooka,216,432.0,1711696,399498,327484,https://www.hunt-analyser.com/hunt_sessions/52356
52356,Dark Fauns -2,"Jul 29, 2026 02:41",30,Boogy,115,230.0,1711696,399498,327484,https://www.hunt-analyser.com/hunt_sessions/52356
53070,Cults Carlin,"Aug 05, 2026 22:45",28,Vicious Squire,138,295.7,1684446,70037,70037,https://www.hunt-analyser.com/hunt_sessions/53070
53070,Cults Carlin,"Aug 05, 2026 22:45",28,Cult Believer,123,263.6,1684446,70037,70037,https://www.hunt-analyser.com/hunt_sessions/53070
53070,Cults Carlin,"Aug 05, 2026 22:45",28,Renegade Knight,99,212.1,1684446,70037,70037,https://www.hunt-analyser.com/hunt_sessions/53070
53070,Cults Carlin,"Aug 05, 2026 22:45",28,Cult Enforcer,76,162.9,1684446,70037,70037,https://www.hunt-analyser.com/hunt_sessions/53070
53070,Cults Carlin,"Aug 05, 2026 22:45",28,Vile Grandmaster,67,143.6,1684446,70037,70037,https://www.hunt-analyser.com/hunt_sessions/53070
55180,Ravenous Lava Lurker #1,"Aug 27, 2026 09:28",10,Ravenous Lava Lurker,54,324.0,1887918,0,-38940,https://www.hunt-analyser.com/hunt_sessions/55180
55979,Oramond West #1,"Sep 05, 2026 12:01",39,Rot Elemental,147,226.2,3035886,537797,502889,https://www.hunt-analyser.com/hunt_sessions/55979
55979,Oramond West #1,"Sep 05, 2026 12:01",39,Glooth Blob,125,192.3,3035886,537797,502889,https://www.hunt-analyser.com/hunt_sessions/55979
55979,Oramond West #1,"Sep 05, 2026 12:01",39,Blood Beast,100,153.8,3035886,537797,502889,https://www.hunt-analyser.com/hunt_sessions/55979
55979,Oramond West #1,"Sep 05, 2026 12:01",39,Devourer,81,124.6,3035886,537797,502889,https://www.hunt-analyser.com/hunt_sessions/55979
55979,Oramond West #1,"Sep 05, 2026 12:01",39,Quara Predator Scout,63,96.9,3035886,537797,502889,https://www.hunt-analyser.com/hunt_sessions/55979
55979,Oramond West #1,"Sep 05, 2026 12:01",39,Quara Pincher Scout,63,96.9,3035886,537797,502889,https://www.hunt-analyser.com/hunt_sessions/55979
55979,Oramond West #1,"Sep 05, 2026 12:01",39,Quara Constrictor Scout,52,80.0,3035886,537797,502889,https://www.hunt-analyser.com/hunt_sessions/55979
55979,Oramond West #1,"Sep 05, 2026 12:01",39,Quara Hydromancer Scout,51,78.5,3035886,537797,502889,https://www.hunt-analyser.com/hunt_sessions/55979
37331,sphinx and lamassu,"Sep 26, 2025 20:32",116,Werehyaena,70,36.2,462736,-111,-112,https://www.hunt-analyser.com/hunt_sessions/37331
37331,sphinx and lamassu,"Sep 26, 2025 20:32",116,Penguin,35,18.1,462736,-111,-112,https://www.hunt-analyser.com/hunt_sessions/37331
37331,sphinx and lamassu,"Sep 26, 2025 20:32",116,Lamassu,29,15.0,462736,-111,-112,https://www.hunt-analyser.com/hunt_sessions/37331
37331,sphinx and lamassu,"Sep 26, 2025 20:32",116,Sphinx,24,12.4,462736,-111,-112,https://www.hunt-analyser.com/hunt_sessions/37331
37331,sphinx and lamassu,"Sep 26, 2025 20:32",116,Wasp,23,11.9,462736,-111,-112,https://www.hunt-analyser.com/hunt_sessions/37331
37331,sphinx and lamassu,"Sep 26, 2025 20:32",116,Badger,22,11.4,462736,-111,-112,https://www.hunt-analyser.com/hunt_sessions/37331
37331,sphinx and lamassu,"Sep 26, 2025 20:32",116,Winter Wolf,18,9.3,462736,-111,-112,https://www.hunt-analyser.com/hunt_sessions/37331
37331,sphinx and lamassu,"Sep 26, 2025 20:32",116,Sandcrawler,13,6.7,462736,-111,-112,https://www.hunt-analyser.com/hunt_sessions/37331
37331,sphinx and lamassu,"Sep 26, 2025 20:32",116,Crocodile,10,5.2,462736,-111,-112,https://www.hunt-analyser.com/hunt_sessions/37331
37331,sphinx and lamassu,"Sep 26, 2025 20:32",116,Nomad,8,4.1,462736,-111,-112,https://www.hunt-analyser.com/hunt_sessions/37331
37331,sphinx and lamassu,"Sep 26, 2025 20:32",116,Cobra,7,3.6,462736,-111,-112,https://www.hunt-analyser.com/hunt_sessions/37331
37331,sphinx and lamassu,"Sep 26, 2025 20:32",116,Silver Rabbit,7,3.6,462736,-111,-112,https://www.hunt-analyser.com/hunt_sessions/37331
37331,sphinx and lamassu,"Sep 26, 2025 20:32",116,Mammoth,6,3.1,462736,-111,-112,https://www.hunt-analyser.com/hunt_sessions/37331
37331,sphinx and lamassu,"Sep 26, 2025 20:32",116,Frost Dragon Hatchling,4,2.1,462736,-111,-112,https://www.hunt-analyser.com/hunt_sessions/37331
37331,sphinx and lamassu,"Sep 26, 2025 20:32",116,Crab,4,2.1,462736,-111,-112,https://www.hunt-analyser.com/hunt_sessions/37331
37331,sphinx and lamassu,"Sep 26, 2025 20:32",116,Crystal Spider,3,1.6,462736,-111,-112,https://www.hunt-analyser.com/hunt_sessions/37331
37331,sphinx and lamassu,"Sep 26, 2025 20:32",116,Frost Dragon,2,1.0,462736,-111,-112,https://www.hunt-analyser.com/hunt_sessions/37331
37331,sphinx and lamassu,"Sep 26, 2025 20:32",116,Flamingo,2,1.0,462736,-111,-112,https://www.hunt-analyser.com/hunt_sessions/37331
37331,sphinx and lamassu,"Sep 26, 2025 20:32",116,Scorpion,2,1.0,462736,-111,-112,https://www.hunt-analyser.com/hunt_sessions/37331
37331,sphinx and lamassu,"Sep 26, 2025 20:32",116,The Bloodtusk,1,0.5,462736,-111,-112,https://www.hunt-analyser.com/hunt_sessions/37331
37331,sphinx and lamassu,"Sep 26, 2025 20:32",116,Deer,1,0.5,462736,-111,-112,https://www.hunt-analyser.com/hunt_sessions/37331
37331,sphinx and lamassu,"Sep 26, 2025 20:32",116,Dire Penguin,1,0.5,462736,-111,-112,https://www.hunt-analyser.com/hunt_sessions/37331
37331,sphinx and lamassu,"Sep 26, 2025 20:32",116,Dromedary,1,0.5,462736,-111,-112,https://www.hunt-analyser.com/hunt_sessions/37331
37331,sphinx and lamassu,"Sep 26, 2025 20:32",116,Frost Troll,1,0.5,462736,-111,-112,https://www.hunt-analyser.com/hunt_sessions/37331
37610,Walls South,"Oct 01, 2025 12:58",55,Draken Warmaster,299,326.2,2391709,612025,294541,https://www.hunt-analyser.com/hunt_sessions/37610
37610,Walls South,"Oct 01, 2025 12:58",55,Draken Spellweaver,240,261.8,2391709,612025,294541,https://www.hunt-analyser.com/hunt_sessions/37610
39090,Pirats,"Oct 31, 2025 16:45",67,Pirat Cutthroat,338,302.7,2605971,633885,627642,https://www.hunt-analyser.com/hunt_sessions/39090
39090,Pirats,"Oct 31, 2025 16:45",67,Pirat Mate,272,243.6,2605971,633885,627642,https://www.hunt-analyser.com/hunt_sessions/39090
39090,Pirats,"Oct 31, 2025 16:45",67,Pirat Bombardier,207,185.4,2605971,633885,627642,https://www.hunt-analyser.com/hunt_sessions/39090
39090,Pirats,"Oct 31, 2025 16:45",67,Pirat Scoundrel,187,167.5,2605971,633885,627642,https://www.hunt-analyser.com/hunt_sessions/39090
39090,Pirats,"Oct 31, 2025 16:45",67,Feverish Citizen,4,3.6,2605971,633885,627642,https://www.hunt-analyser.com/hunt_sessions/39090
39090,Pirats,"Oct 31, 2025 16:45",67,Squirrel,1,0.9,2605971,633885,627642,https://www.hunt-analyser.com/hunt_sessions/39090
39090,Pirats,"Oct 31, 2025 16:45",67,Nightmare Scion,1,0.9,2605971,633885,627642,https://www.hunt-analyser.com/hunt_sessions/39090
39208,Otherworld Kazordoon,"Nov 03, 2025 13:56",30,Instable Breach Brood,261,522.0,2259452,229788,-68226,https://www.hunt-analyser.com/hunt_sessions/39208
39208,Otherworld Kazordoon,"Nov 03, 2025 13:56",30,Instable Sparkion,186,372.0,2259452,229788,-68226,https://www.hunt-analyser.com/hunt_sessions/39208
40956,Medusa Tower - RP 229 (150%),"Dec 09, 2025 16:04",31,Clay Guardian,101,195.5,2938705,378617,85656,https://www.hunt-analyser.com/hunt_sessions/40956
40956,Medusa Tower - RP 229 (150%),"Dec 09, 2025 16:04",31,Omnivora,89,172.3,2938705,378617,85656,https://www.hunt-analyser.com/hunt_sessions/40956
40956,Medusa Tower - RP 229 (150%),"Dec 09, 2025 16:04",31,Serpent Spawn,74,143.2,2938705,378617,85656,https://www.hunt-analyser.com/hunt_sessions/40956
40956,Medusa Tower - RP 229 (150%),"Dec 09, 2025 16:04",31,Behemoth,61,118.1,2938705,378617,85656,https://www.hunt-analyser.com/hunt_sessions/40956
40956,Medusa Tower - RP 229 (150%),"Dec 09, 2025 16:04",31,Medusa,44,85.2,2938705,378617,85656,https://www.hunt-analyser.com/hunt_sessions/40956
40956,Medusa Tower - RP 229 (150%),"Dec 09, 2025 16:04",31,Stone Golem,39,75.5,2938705,378617,85656,https://www.hunt-analyser.com/hunt_sessions/40956
40956,Medusa Tower - RP 229 (150%),"Dec 09, 2025 16:04",31,Gargoyle,28,54.2,2938705,378617,85656,https://www.hunt-analyser.com/hunt_sessions/40956
40956,Medusa Tower - RP 229 (150%),"Dec 09, 2025 16:04",31,Slime,4,7.7,2938705,378617,85656,https://www.hunt-analyser.com/hunt_sessions/40956
41189,Exotic cave + Pirats,"Dec 14, 2025 19:09",130,Exotic Bat,198,91.4,398097,-5301,-5301,https://www.hunt-analyser.com/hunt_sessions/41189
41189,Exotic cave + Pirats,"Dec 14, 2025 19:09",130,Dragon,127,58.6,398097,-5301,-5301,https://www.hunt-analyser.com/hunt_sessions/41189
41189,Exotic cave + Pirats,"Dec 14, 2025 19:09",130,Exotic Cave Spider,72,33.2,398097,-5301,-5301,https://www.hunt-analyser.com/hunt_sessions/41189
41189,Exotic cave + Pirats,"Dec 14, 2025 19:09",130,Pirat Cutthroat,42,19.4,398097,-5301,-5301,https://www.hunt-analyser.com/hunt_sessions/41189
41189,Exotic cave + Pirats,"Dec 14, 2025 19:09",130,Pirat Scoundrel,39,18.0,398097,-5301,-5301,https://www.hunt-analyser.com/hunt_sessions/41189
41189,Exotic cave + Pirats,"Dec 14, 2025 19:09",130,Dragon Hatchling,29,13.4,398097,-5301,-5301,https://www.hunt-analyser.com/hunt_sessions/41189
41189,Exotic cave + Pirats,"Dec 14, 2025 19:09",130,Minotaur,28,12.9,398097,-5301,-5301,https://www.hunt-analyser.com/hunt_sessions/41189
41189,Exotic cave + Pirats,"Dec 14, 2025 19:09",130,Wasp,23,10.6,398097,-5301,-5301,https://www.hunt-analyser.com/hunt_sessions/41189
41189,Exotic cave + Pirats,"Dec 14, 2025 19:09",130,Minotaur Guard,12,5.5,398097,-5301,-5301,https://www.hunt-analyser.com/hunt_sessions/41189
41189,Exotic cave + Pirats,"Dec 14, 2025 19:09",130,Minotaur Archer,5,2.3,398097,-5301,-5301,https://www.hunt-analyser.com/hunt_sessions/41189
41283,mini rosha,"Dec 16, 2025 15:21",48,Weakened Frazzlemaw,209,261.2,663562,160086,160086,https://www.hunt-analyser.com/hunt_sessions/41283
41283,mini rosha,"Dec 16, 2025 15:21",48,Enfeebled Silencer,129,161.2,663562,160086,160086,https://www.hunt-analyser.com/hunt_sessions/41283
41283,mini rosha,"Dec 16, 2025 15:21",48,Kroazur,1,1.2,663562,160086,160086,https://www.hunt-analyser.com/hunt_sessions/41283
41294,sphinx & lamassu,"Dec 16, 2025 18:23",49,Lamassu,28,34.3,734048,-60904,-60904,https://www.hunt-analyser.com/hunt_sessions/41294
41294,sphinx & lamassu,"Dec 16, 2025 18:23",49,Sphinx,21,25.7,734048,-60904,-60904,https://www.hunt-analyser.com/hunt_sessions/41294
41294,sphinx & lamassu,"Dec 16, 2025 18:23",49,Sandcrawler,11,13.5,734048,-60904,-60904,https://www.hunt-analyser.com/hunt_sessions/41294
41294,sphinx & lamassu,"Dec 16, 2025 18:23",49,Cobra,10,12.2,734048,-60904,-60904,https://www.hunt-analyser.com/hunt_sessions/41294
41294,sphinx & lamassu,"Dec 16, 2025 18:23",49,Crab,7,8.6,734048,-60904,-60904,https://www.hunt-analyser.com/hunt_sessions/41294
41294,sphinx & lamassu,"Dec 16, 2025 18:23",49,Scorpion,4,4.9,734048,-60904,-60904,https://www.hunt-analyser.com/hunt_sessions/41294
41294,sphinx & lamassu,"Dec 16, 2025 18:23",49,Crocodile,4,4.9,734048,-60904,-60904,https://www.hunt-analyser.com/hunt_sessions/41294
41294,sphinx & lamassu,"Dec 16, 2025 18:23",49,Flamingo,2,2.4,734048,-60904,-60904,https://www.hunt-analyser.com/hunt_sessions/41294
41398,mini rosha,"Dec 18, 2025 22:50",77,Weakened Frazzlemaw,159,123.9,317618,102104,102104,https://www.hunt-analyser.com/hunt_sessions/41398
41398,mini rosha,"Dec 18, 2025 22:50",77,Enfeebled Silencer,98,76.4,317618,102104,102104,https://www.hunt-analyser.com/hunt_sessions/41398
41398,mini rosha,"Dec 18, 2025 22:50",77,Dark Faun,2,1.6,317618,102104,102104,https://www.hunt-analyser.com/hunt_sessions/41398
41398,mini rosha,"Dec 18, 2025 22:50",77,Kroazur,1,0.8,317618,102104,102104,https://www.hunt-analyser.com/hunt_sessions/41398
41547,carlin cults druid,"Dec 22, 2025 21:09",41,Cult Believer,104,152.2,540638,-46054,-46054,https://www.hunt-analyser.com/hunt_sessions/41547
41547,carlin cults druid,"Dec 22, 2025 21:09",41,Vicious Squire,57,83.4,540638,-46054,-46054,https://www.hunt-analyser.com/hunt_sessions/41547
41547,carlin cults druid,"Dec 22, 2025 21:09",41,Renegade Knight,49,71.7,540638,-46054,-46054,https://www.hunt-analyser.com/hunt_sessions/41547
41547,carlin cults druid,"Dec 22, 2025 21:09",41,Vile Grandmaster,20,29.3,540638,-46054,-46054,https://www.hunt-analyser.com/hunt_sessions/41547
41547,carlin cults druid,"Dec 22, 2025 21:09",41,Cult Enforcer,12,17.6,540638,-46054,-46054,https://www.hunt-analyser.com/hunt_sessions/41547
41547,carlin cults druid,"Dec 22, 2025 21:09",41,Cult Scholar,5,7.3,540638,-46054,-46054,https://www.hunt-analyser.com/hunt_sessions/41547
41551,sphinx & lamassu,"Dec 22, 2025 21:09",90,Cult Believer,104,69.3,667829,-61911,-61911,https://www.hunt-analyser.com/hunt_sessions/41551
41551,sphinx & lamassu,"Dec 22, 2025 21:09",90,Vicious Squire,57,38.0,667829,-61911,-61911,https://www.hunt-analyser.com/hunt_sessions/41551
41551,sphinx & lamassu,"Dec 22, 2025 21:09",90,Renegade Knight,49,32.7,667829,-61911,-61911,https://www.hunt-analyser.com/hunt_sessions/41551
41551,sphinx & lamassu,"Dec 22, 2025 21:09",90,Lamassu,32,21.3,667829,-61911,-61911,https://www.hunt-analyser.com/hunt_sessions/41551
41551,sphinx & lamassu,"Dec 22, 2025 21:09",90,Vile Grandmaster,20,13.3,667829,-61911,-61911,https://www.hunt-analyser.com/hunt_sessions/41551
41551,sphinx & lamassu,"Dec 22, 2025 21:09",90,Sphinx,19,12.7,667829,-61911,-61911,https://www.hunt-analyser.com/hunt_sessions/41551
41551,sphinx & lamassu,"Dec 22, 2025 21:09",90,Sandcrawler,13,8.7,667829,-61911,-61911,https://www.hunt-analyser.com/hunt_sessions/41551
41551,sphinx & lamassu,"Dec 22, 2025 21:09",90,Cult Enforcer,12,8.0,667829,-61911,-61911,https://www.hunt-analyser.com/hunt_sessions/41551
41551,sphinx & lamassu,"Dec 22, 2025 21:09",90,Cobra,12,8.0,667829,-61911,-61911,https://www.hunt-analyser.com/hunt_sessions/41551
41551,sphinx & lamassu,"Dec 22, 2025 21:09",90,Cult Scholar,5,3.3,667829,-61911,-61911,https://www.hunt-analyser.com/hunt_sessions/41551
41551,sphinx & lamassu,"Dec 22, 2025 21:09",90,Scorpion,4,2.7,667829,-61911,-61911,https://www.hunt-analyser.com/hunt_sessions/41551
41551,sphinx & lamassu,"Dec 22, 2025 21:09",90,Crab,4,2.7,667829,-61911,-61911,https://www.hunt-analyser.com/hunt_sessions/41551
41940,demons edron square,"Dec 31, 2025 18:02",61,Demon,56,55.1,536503,69150,69150,https://www.hunt-analyser.com/hunt_sessions/41940
41940,demons edron square,"Dec 31, 2025 18:02",61,Massive Fire Elemental,17,16.7,536503,69150,69150,https://www.hunt-analyser.com/hunt_sessions/41940
41940,demons edron square,"Dec 31, 2025 18:02",61,Dark Apprentice,3,3.0,536503,69150,69150,https://www.hunt-analyser.com/hunt_sessions/41940
41940,demons edron square,"Dec 31, 2025 18:02",61,Slime,1,1.0,536503,69150,69150,https://www.hunt-analyser.com/hunt_sessions/41940
41940,demons edron square,"Dec 31, 2025 18:02",61,Dark Magician,1,1.0,536503,69150,69150,https://www.hunt-analyser.com/hunt_sessions/41940
42012,mini,"Jan 02, 2026 22:20",65,Weakened Frazzlemaw,282,260.3,648956,247933,247932,https://www.hunt-analyser.com/hunt_sessions/42012
42012,mini,"Jan 02, 2026 22:20",65,Enfeebled Silencer,167,154.2,648956,247933,247932,https://www.hunt-analyser.com/hunt_sessions/42012
42012,mini,"Jan 02, 2026 22:20",65,Kroazur,1,0.9,648956,247933,247932,https://www.hunt-analyser.com/hunt_sessions/42012
42569,Boquinha rosha Feyrist Nightmare.,"Jan 16, 2026 19:32",24,Weakened Frazzlemaw,221,552.5,1434040,622170,383407,https://www.hunt-analyser.com/hunt_sessions/42569
42569,Boquinha rosha Feyrist Nightmare.,"Jan 16, 2026 19:32",24,Enfeebled Silencer,126,315.0,1434040,622170,383407,https://www.hunt-analyser.com/hunt_sessions/42569
42613,Boquinha rosha Feyrist Nightmare.,"Jan 17, 2026 23:12",49,Weakened Frazzlemaw,437,535.1,1326397,545352,337518,https://www.hunt-analyser.com/hunt_sessions/42613
42613,Boquinha rosha Feyrist Nightmare.,"Jan 17, 2026 23:12",49,Enfeebled Silencer,243,297.6,1326397,545352,337518,https://www.hunt-analyser.com/hunt_sessions/42613
42613,Boquinha rosha Feyrist Nightmare.,"Jan 17, 2026 23:12",49,Boogy,6,7.3,1326397,545352,337518,https://www.hunt-analyser.com/hunt_sessions/42613
42613,Boquinha rosha Feyrist Nightmare.,"Jan 17, 2026 23:12",49,Dark Faun,5,6.1,1326397,545352,337518,https://www.hunt-analyser.com/hunt_sessions/42613
42613,Boquinha rosha Feyrist Nightmare.,"Jan 17, 2026 23:12",49,Swan Maiden,3,3.7,1326397,545352,337518,https://www.hunt-analyser.com/hunt_sessions/42613
42631,Glooth Factory - TESTE,"Jan 18, 2026 11:25",15,Glooth Bandit,84,336.0,1880400,458056,250328,https://www.hunt-analyser.com/hunt_sessions/42631
42631,Glooth Factory - TESTE,"Jan 18, 2026 11:25",15,Glooth Brigand,76,304.0,1880400,458056,250328,https://www.hunt-analyser.com/hunt_sessions/42631
42658,Exotic Cave,"Jan 19, 2026 07:30",45,Exotic Bat,573,764.0,2014529,454776,241716,https://www.hunt-analyser.com/hunt_sessions/42658
42658,Exotic Cave,"Jan 19, 2026 07:30",45,Exotic Cave Spider,226,301.3,2014529,454776,241716,https://www.hunt-analyser.com/hunt_sessions/42658
42658,Exotic Cave,"Jan 19, 2026 07:30",45,Pirat Cutthroat,2,2.7,2014529,454776,241716,https://www.hunt-analyser.com/hunt_sessions/42658
43200,demon edron,"Feb 02, 2026 23:40",78,Demon,61,46.9,451020,127128,127128,https://www.hunt-analyser.com/hunt_sessions/43200
43200,demon edron,"Feb 02, 2026 23:40",78,Massive Fire Elemental,16,12.3,451020,127128,127128,https://www.hunt-analyser.com/hunt_sessions/43200
43200,demon edron,"Feb 02, 2026 23:40",78,Dark Apprentice,5,3.8,451020,127128,127128,https://www.hunt-analyser.com/hunt_sessions/43200
43200,demon edron,"Feb 02, 2026 23:40",78,Dark Magician,1,0.8,451020,127128,127128,https://www.hunt-analyser.com/hunt_sessions/43200
43559,werehyena -2 south,"Feb 14, 2026 01:12",35,Werehyaena,373,639.4,2952334,484850,41895,https://www.hunt-analyser.com/hunt_sessions/43559
43559,werehyena -2 south,"Feb 14, 2026 01:12",35,Werehyaena Shaman,148,253.7,2952334,484850,41895,https://www.hunt-analyser.com/hunt_sessions/43559
43559,werehyena -2 south,"Feb 14, 2026 01:12",35,Lich,1,1.7,2952334,484850,41895,https://www.hunt-analyser.com/hunt_sessions/43559
43565,Werehyena north,"Feb 14, 2026 00:40",123,Werehyaena,878,428.3,2263969,496208,163216,https://www.hunt-analyser.com/hunt_sessions/43565
43565,Werehyena north,"Feb 14, 2026 00:40",123,Werehyaena Shaman,531,259.0,2263969,496208,163216,https://www.hunt-analyser.com/hunt_sessions/43565
43631,demon edron,"Feb 15, 2026 22:41",33,Demon,28,50.9,484909,79507,79507,https://www.hunt-analyser.com/hunt_sessions/43631
43631,demon edron,"Feb 15, 2026 22:41",33,Massive Fire Elemental,7,12.7,484909,79507,79507,https://www.hunt-analyser.com/hunt_sessions/43631
43679,werehyena North,"Feb 17, 2026 11:02",53,Werehyaena,414,468.7,2453613,541262,219491,https://www.hunt-analyser.com/hunt_sessions/43679
43679,werehyena North,"Feb 17, 2026 11:02",53,Werehyaena Shaman,243,275.1,2453613,541262,219491,https://www.hunt-analyser.com/hunt_sessions/43679
43708,werehyena North,"Feb 18, 2026 04:57",49,Werehyaena,459,562.0,2909123,661488,313829,https://www.hunt-analyser.com/hunt_sessions/43708
43708,werehyena North,"Feb 18, 2026 04:57",49,Werehyaena Shaman,261,319.6,2909123,661488,313829,https://www.hunt-analyser.com/hunt_sessions/43708
43805,werehyena North,"Feb 19, 2026 16:11",51,Werehyaena,495,582.4,3716896,599502,252641,https://www.hunt-analyser.com/hunt_sessions/43805
43805,werehyena North,"Feb 19, 2026 16:11",51,Werehyaena Shaman,266,312.9,3716896,599502,252641,https://www.hunt-analyser.com/hunt_sessions/43805
43806,werehyena North,"Feb 19, 2026 17:07",50,Werehyaena,467,560.4,3524199,609382,242498,https://www.hunt-analyser.com/hunt_sessions/43806
43806,werehyena North,"Feb 19, 2026 17:07",50,Werehyaena Shaman,238,285.6,3524199,609382,242498,https://www.hunt-analyser.com/hunt_sessions/43806
44274,werehyena north,"Mar 02, 2026 16:30",63,Werehyaena,625,595.2,3077437,608089,327649,https://www.hunt-analyser.com/hunt_sessions/44274
44274,werehyena north,"Mar 02, 2026 16:30",63,Werehyaena Shaman,354,337.1,3077437,608089,327649,https://www.hunt-analyser.com/hunt_sessions/44274
44304,Exotic cave spider weekly task,"Mar 03, 2026 19:45",45,Exotic Bat,254,338.7,1846568,210411,93525,https://www.hunt-analyser.com/hunt_sessions/44304
44304,Exotic cave spider weekly task,"Mar 03, 2026 19:45",45,Exotic Cave Spider,111,148.0,1846568,210411,93525,https://www.hunt-analyser.com/hunt_sessions/44304
44526,werehyena north,"Mar 07, 2026 07:39",97,Werehyaena,848,524.5,4409575,656378,365474,https://www.hunt-analyser.com/hunt_sessions/44526
44526,werehyena north,"Mar 07, 2026 07:39",97,Werehyaena Shaman,422,261.0,4409575,656378,365474,https://www.hunt-analyser.com/hunt_sessions/44526
44735,Werehyena South :D,"Mar 11, 2026 14:05",203,Werehyaena,2431,718.5,3195123,688387,336189,https://www.hunt-analyser.com/hunt_sessions/44735
44735,Werehyena South :D,"Mar 11, 2026 14:05",203,Werehyaena Shaman,935,276.4,3195123,688387,336189,https://www.hunt-analyser.com/hunt_sessions/44735
44744,Werehyena South :D,"Mar 11, 2026 19:22",78,Werehyaena,909,699.2,2219461,614908,311005,https://www.hunt-analyser.com/hunt_sessions/44744
44744,Werehyena South :D,"Mar 11, 2026 19:22",78,Werehyaena Shaman,340,261.5,2219461,614908,311005,https://www.hunt-analyser.com/hunt_sessions/44744
44827,Werehyena South :D,"Mar 14, 2026 01:35",188,Werehyaena,2264,722.6,3299139,875466,575345,https://www.hunt-analyser.com/hunt_sessions/44827
44827,Werehyena South :D,"Mar 14, 2026 01:35",188,Werehyaena Shaman,932,297.4,3299139,875466,575345,https://www.hunt-analyser.com/hunt_sessions/44827
44971,MINO CULT,"Mar 17, 2026 21:07",91,Minotaur Cult Follower,595,392.3,1024455,775416,639629,https://www.hunt-analyser.com/hunt_sessions/44971
44971,MINO CULT,"Mar 17, 2026 21:07",91,Minotaur Cult Prophet,250,164.8,1024455,775416,639629,https://www.hunt-analyser.com/hunt_sessions/44971
44971,MINO CULT,"Mar 17, 2026 21:07",91,Minotaur Cult Zealot,149,98.2,1024455,775416,639629,https://www.hunt-analyser.com/hunt_sessions/44971
44971,MINO CULT,"Mar 17, 2026 21:07",91,Pig,3,2.0,1024455,775416,639629,https://www.hunt-analyser.com/hunt_sessions/44971
45096,Werehyena EK 245lvl,"Mar 20, 2026 19:05",60,Werehyaena,383,383.0,2338082,487570,213796,https://www.hunt-analyser.com/hunt_sessions/45096
45096,Werehyena EK 245lvl,"Mar 20, 2026 19:05",60,Werehyaena Shaman,155,155.0,2338082,487570,213796,https://www.hunt-analyser.com/hunt_sessions/45096
45119,Werehyena EK 245lvl,"Mar 21, 2026 08:53",57,Werehyaena,349,367.4,1665276,455682,223669,https://www.hunt-analyser.com/hunt_sessions/45119
45119,Werehyena EK 245lvl,"Mar 21, 2026 08:53",57,Werehyaena Shaman,132,138.9,1665276,455682,223669,https://www.hunt-analyser.com/hunt_sessions/45119
45119,Werehyena EK 245lvl,"Mar 21, 2026 08:53",57,Lich,1,1.1,1665276,455682,223669,https://www.hunt-analyser.com/hunt_sessions/45119
45415,Mino Cult 29.03,"Mar 29, 2026 08:51",30,Minotaur Cult Follower,228,456.0,1897516,586290,456634,https://www.hunt-analyser.com/hunt_sessions/45415
45415,Mino Cult 29.03,"Mar 29, 2026 08:51",30,Minotaur Cult Prophet,104,208.0,1897516,586290,456634,https://www.hunt-analyser.com/hunt_sessions/45415
45415,Mino Cult 29.03,"Mar 29, 2026 08:51",30,Minotaur Cult Zealot,67,134.0,1897516,586290,456634,https://www.hunt-analyser.com/hunt_sessions/45415
45417,Mino Cult 29.03,"Mar 29, 2026 10:11",47,Minotaur Cult Follower,339,432.8,1547101,715088,579860,https://www.hunt-analyser.com/hunt_sessions/45417
45417,Mino Cult 29.03,"Mar 29, 2026 10:11",47,Minotaur Cult Prophet,160,204.3,1547101,715088,579860,https://www.hunt-analyser.com/hunt_sessions/45417
45417,Mino Cult 29.03,"Mar 29, 2026 10:11",47,Minotaur Cult Zealot,100,127.7,1547101,715088,579860,https://www.hunt-analyser.com/hunt_sessions/45417
45417,Mino Cult 29.03,"Mar 29, 2026 10:11",47,Pig,2,2.6,1547101,715088,579860,https://www.hunt-analyser.com/hunt_sessions/45417
45419,Mino Cult 29.03,"Mar 29, 2026 12:04",45,Minotaur Cult Follower,367,489.3,1362258,777540,632145,https://www.hunt-analyser.com/hunt_sessions/45419
45419,Mino Cult 29.03,"Mar 29, 2026 12:04",45,Minotaur Cult Prophet,164,218.7,1362258,777540,632145,https://www.hunt-analyser.com/hunt_sessions/45419
45419,Mino Cult 29.03,"Mar 29, 2026 12:04",45,Minotaur Cult Zealot,112,149.3,1362258,777540,632145,https://www.hunt-analyser.com/hunt_sessions/45419
45419,Mino Cult 29.03,"Mar 29, 2026 12:04",45,Pig,1,1.3,1362258,777540,632145,https://www.hunt-analyser.com/hunt_sessions/45419
45449,Yalahar Grim reaper 3kk/h Raw,"Mar 30, 2026 07:09",165,Grim Reaper,1072,389.8,6009728,330750,-83590,https://www.hunt-analyser.com/hunt_sessions/45449
45449,Yalahar Grim reaper 3kk/h Raw,"Mar 30, 2026 07:09",165,Nightmare,57,20.7,6009728,330750,-83590,https://www.hunt-analyser.com/hunt_sessions/45449
45449,Yalahar Grim reaper 3kk/h Raw,"Mar 30, 2026 07:09",165,Nightmare Scion,39,14.2,6009728,330750,-83590,https://www.hunt-analyser.com/hunt_sessions/45449
48842,Crumbling Caverns,"Jun 17, 2026 11:12",65,Cinder Wyrmling,573,528.9,3629138,928691,685368,https://www.hunt-analyser.com/hunt_sessions/48842
48842,Crumbling Caverns,"Jun 17, 2026 11:12",65,Shell Drake,439,405.2,3629138,928691,685368,https://www.hunt-analyser.com/hunt_sessions/48842
48885,Crumbling Caverns,"Jun 17, 2026 16:39",124,Cinder Wyrmling,1121,542.4,3746985,912871,677706,https://www.hunt-analyser.com/hunt_sessions/48885
48885,Crumbling Caverns,"Jun 17, 2026 16:39",124,Shell Drake,870,421.0,3746985,912871,677706,https://www.hunt-analyser.com/hunt_sessions/48885
48969,Ravenous Lava Lurker,"Jun 18, 2026 15:22",29,Ravenous Lava Lurker,191,395.2,4526321,0,-271525,https://www.hunt-analyser.com/hunt_sessions/48969
49093,Ravenous Lava Lurker,"Jun 19, 2026 15:47",28,Ravenous Lava Lurker,184,394.3,4497300,0,-301008,https://www.hunt-analyser.com/hunt_sessions/49093
49093,Ravenous Lava Lurker,"Jun 19, 2026 15:47",28,Dromedary,1,2.1,4497300,0,-301008,https://www.hunt-analyser.com/hunt_sessions/49093
50358,Lycanthrope Grounds (Edron),"Jul 04, 2026 10:45",60,Werewolf,149,149.0,4735274,373899,300405,https://www.hunt-analyser.com/hunt_sessions/50358
50358,Lycanthrope Grounds (Edron),"Jul 04, 2026 10:45",60,Werefox,140,140.0,4735274,373899,300405,https://www.hunt-analyser.com/hunt_sessions/50358
50358,Lycanthrope Grounds (Edron),"Jul 04, 2026 10:45",60,Werebear,139,139.0,4735274,373899,300405,https://www.hunt-analyser.com/hunt_sessions/50358
50358,Lycanthrope Grounds (Edron),"Jul 04, 2026 10:45",60,Werebadger,139,139.0,4735274,373899,300405,https://www.hunt-analyser.com/hunt_sessions/50358
50358,Lycanthrope Grounds (Edron),"Jul 04, 2026 10:45",60,Wereboar,122,122.0,4735274,373899,300405,https://www.hunt-analyser.com/hunt_sessions/50358
50364,Grim Reaper Yalahar,"Jul 04, 2026 12:27",30,Grim Reaper,265,530.0,10939500,406430,305720,https://www.hunt-analyser.com/hunt_sessions/50364
50574,Grim reaper Yalahar,"Jul 07, 2026 10:43",103,Grim Reaper,919,535.3,7795404,302500,-27834,https://www.hunt-analyser.com/hunt_sessions/50574
50574,Grim reaper Yalahar,"Jul 07, 2026 10:43",103,Nightmare,7,4.1,7795404,302500,-27834,https://www.hunt-analyser.com/hunt_sessions/50574
50574,Grim reaper Yalahar,"Jul 07, 2026 10:43",103,Nightmare Scion,6,3.5,7795404,302500,-27834,https://www.hunt-analyser.com/hunt_sessions/50574
50582,40 min hyeans -2 south,"Jul 07, 2026 14:58",49,Werehyaena,514,629.4,2952220,594542,340269,https://www.hunt-analyser.com/hunt_sessions/50582
50582,40 min hyeans -2 south,"Jul 07, 2026 14:58",49,Werehyaena Shaman,216,264.5,2952220,594542,340269,https://www.hunt-analyser.com/hunt_sessions/50582
50607,buster spectre,"Jul 07, 2026 14:01",40,Burster Spectre,165,247.5,2230200,50034,50034,https://www.hunt-analyser.com/hunt_sessions/50607
50905,Glooth Plains - Surface,"Jul 10, 2026 15:33",30,Rot Elemental,209,418.0,3088526,331234,274212,https://www.hunt-analyser.com/hunt_sessions/50905
50905,Glooth Plains - Surface,"Jul 10, 2026 15:33",30,Glooth Blob,208,416.0,3088526,331234,274212,https://www.hunt-analyser.com/hunt_sessions/50905
50905,Glooth Plains - Surface,"Jul 10, 2026 15:33",30,Blood Beast,155,310.0,3088526,331234,274212,https://www.hunt-analyser.com/hunt_sessions/50905
50905,Glooth Plains - Surface,"Jul 10, 2026 15:33",30,Devourer,139,278.0,3088526,331234,274212,https://www.hunt-analyser.com/hunt_sessions/50905
51253,Lower Spike,"Jul 14, 2026 17:26",50,Lost Thrower,134,160.8,2459311,460066,278344,https://www.hunt-analyser.com/hunt_sessions/51253
51253,Lower Spike,"Jul 14, 2026 17:26",50,Lost Basher,128,153.6,2459311,460066,278344,https://www.hunt-analyser.com/hunt_sessions/51253
51253,Lower Spike,"Jul 14, 2026 17:26",50,Lost Husher,117,140.4,2459311,460066,278344,https://www.hunt-analyser.com/hunt_sessions/51253
51253,Lower Spike,"Jul 14, 2026 17:26",50,Wyrm,99,118.8,2459311,460066,278344,https://www.hunt-analyser.com/hunt_sessions/51253
51253,Lower Spike,"Jul 14, 2026 17:26",50,Vulcongra,99,118.8,2459311,460066,278344,https://www.hunt-analyser.com/hunt_sessions/51253
51253,Lower Spike,"Jul 14, 2026 17:26",50,Drillworm,75,90.0,2459311,460066,278344,https://www.hunt-analyser.com/hunt_sessions/51253
51253,Lower Spike,"Jul 14, 2026 17:26",50,Behemoth,66,79.2,2459311,460066,278344,https://www.hunt-analyser.com/hunt_sessions/51253
51253,Lower Spike,"Jul 14, 2026 17:26",50,Dragon Lord,40,48.0,2459311,460066,278344,https://www.hunt-analyser.com/hunt_sessions/51253
51253,Lower Spike,"Jul 14, 2026 17:26",50,Enslaved Dwarf,35,42.0,2459311,460066,278344,https://www.hunt-analyser.com/hunt_sessions/51253
51253,Lower Spike,"Jul 14, 2026 17:26",50,Nightmare Scion,5,6.0,2459311,460066,278344,https://www.hunt-analyser.com/hunt_sessions/51253
51793,Werehyena MS 290+,"Jul 21, 2026 13:51",37,Werehyaena,393,637.3,3331157,666534,463890,https://www.hunt-analyser.com/hunt_sessions/51793
51793,Werehyena MS 290+,"Jul 21, 2026 13:51",37,Werehyaena Shaman,230,373.0,3331157,666534,463890,https://www.hunt-analyser.com/hunt_sessions/51793
52064,BOOK WORLD,"Jul 25, 2026 05:32",53,Lion Hydra,392,443.8,5647162,594240,384268,https://www.hunt-analyser.com/hunt_sessions/52064
52064,BOOK WORLD,"Jul 25, 2026 05:32",53,Bluebeak,365,413.2,5647162,594240,384268,https://www.hunt-analyser.com/hunt_sessions/52064
52082,Behemoth (Cyclopolis),"Jul 25, 2026 12:21",30,Behemoth,126,252.0,1028212,287960,224568,https://www.hunt-analyser.com/hunt_sessions/52082
52082,Behemoth (Cyclopolis),"Jul 25, 2026 12:21",30,Cyclops Drone,60,120.0,1028212,287960,224568,https://www.hunt-analyser.com/hunt_sessions/52082
52082,Behemoth (Cyclopolis),"Jul 25, 2026 12:21",30,Cyclops Smith,34,68.0,1028212,287960,224568,https://www.hunt-analyser.com/hunt_sessions/52082
52082,Behemoth (Cyclopolis),"Jul 25, 2026 12:21",30,Dwarf Soldier,18,36.0,1028212,287960,224568,https://www.hunt-analyser.com/hunt_sessions/52082
52082,Behemoth (Cyclopolis),"Jul 25, 2026 12:21",30,Cyclops,18,36.0,1028212,287960,224568,https://www.hunt-analyser.com/hunt_sessions/52082
52082,Behemoth (Cyclopolis),"Jul 25, 2026 12:21",30,Dragon,6,12.0,1028212,287960,224568,https://www.hunt-analyser.com/hunt_sessions/52082
52736,Hellspawn (Yalahar),"Aug 02, 2026 08:14",30,Hellspawn,187,374.0,1683640,293484,208160,https://www.hunt-analyser.com/hunt_sessions/52736
52736,Hellspawn (Yalahar),"Aug 02, 2026 08:14",30,Plaguesmith,22,44.0,1683640,293484,208160,https://www.hunt-analyser.com/hunt_sessions/52736
52736,Hellspawn (Yalahar),"Aug 02, 2026 08:14",30,Gozzler,8,16.0,1683640,293484,208160,https://www.hunt-analyser.com/hunt_sessions/52736
53077,Werehayena hunt,"Aug 02, 2026 21:09",59,Werehyaena,237,241.0,1487123,231784,43274,https://www.hunt-analyser.com/hunt_sessions/53077
53077,Werehayena hunt,"Aug 02, 2026 21:09",59,Werehyaena Shaman,126,128.1,1487123,231784,43274,https://www.hunt-analyser.com/hunt_sessions/53077
53078,Grim Reaper (Yalahar),"Aug 05, 2026 17:57",45,Grim Reaper,368,490.7,5397697,297107,174872,https://www.hunt-analyser.com/hunt_sessions/53078
53326,Hellspawn (Yalahar),"Aug 08, 2026 10:33",47,Hellspawn,269,343.4,1671358,177074,93012,https://www.hunt-analyser.com/hunt_sessions/53326
53326,Hellspawn (Yalahar),"Aug 08, 2026 10:33",47,Plaguesmith,49,62.6,1671358,177074,93012,https://www.hunt-analyser.com/hunt_sessions/53326
53326,Hellspawn (Yalahar),"Aug 08, 2026 10:33",47,Gozzler,2,2.6,1671358,177074,93012,https://www.hunt-analyser.com/hunt_sessions/53326
53327,Sea serpent (Svargrond),"Aug 08, 2026 11:45",50,Young Sea Serpent,327,392.4,1684045,163787,132138,https://www.hunt-analyser.com/hunt_sessions/53327
53327,Sea serpent (Svargrond),"Aug 08, 2026 11:45",50,Sea Serpent,265,318.0,1684045,163787,132138,https://www.hunt-analyser.com/hunt_sessions/53327
53352,Lycanthrope Grounds (Edron),"Aug 08, 2026 20:04",15,Werefox,88,352.0,2207516,477892,379412,https://www.hunt-analyser.com/hunt_sessions/53352
53352,Lycanthrope Grounds (Edron),"Aug 08, 2026 20:04",15,Werebadger,69,276.0,2207516,477892,379412,https://www.hunt-analyser.com/hunt_sessions/53352
53352,Lycanthrope Grounds (Edron),"Aug 08, 2026 20:04",15,Wereboar,44,176.0,2207516,477892,379412,https://www.hunt-analyser.com/hunt_sessions/53352
53352,Lycanthrope Grounds (Edron),"Aug 08, 2026 20:04",15,Werebear,13,52.0,2207516,477892,379412,https://www.hunt-analyser.com/hunt_sessions/53352
53352,Lycanthrope Grounds (Edron),"Aug 08, 2026 20:04",15,Bloodback,1,4.0,2207516,477892,379412,https://www.hunt-analyser.com/hunt_sessions/53352
53399,STONFIN 0908,"Aug 09, 2026 16:06",46,Stonerefiner,522,680.9,521259,207196,169703,https://www.hunt-analyser.com/hunt_sessions/53399
53399,STONFIN 0908,"Aug 09, 2026 16:06",46,Tarantula,13,17.0,521259,207196,169703,https://www.hunt-analyser.com/hunt_sessions/53399
53399,STONFIN 0908,"Aug 09, 2026 16:06",46,Bat,10,13.0,521259,207196,169703,https://www.hunt-analyser.com/hunt_sessions/53399
53399,STONFIN 0908,"Aug 09, 2026 16:06",46,Corym Charlatan,7,9.1,521259,207196,169703,https://www.hunt-analyser.com/hunt_sessions/53399
53399,STONFIN 0908,"Aug 09, 2026 16:06",46,Snake,4,5.2,521259,207196,169703,https://www.hunt-analyser.com/hunt_sessions/53399
53399,STONFIN 0908,"Aug 09, 2026 16:06",46,Marsh Stalker,4,5.2,521259,207196,169703,https://www.hunt-analyser.com/hunt_sessions/53399
53399,STONFIN 0908,"Aug 09, 2026 16:06",46,Feverish Citizen,4,5.2,521259,207196,169703,https://www.hunt-analyser.com/hunt_sessions/53399
53399,STONFIN 0908,"Aug 09, 2026 16:06",46,Corym Skirmisher,4,5.2,521259,207196,169703,https://www.hunt-analyser.com/hunt_sessions/53399
53399,STONFIN 0908,"Aug 09, 2026 16:06",46,Swampling,2,2.6,521259,207196,169703,https://www.hunt-analyser.com/hunt_sessions/53399
53434,Glooth Plains - Surface (Oramond),"Aug 09, 2026 21:39",42,Rot Elemental,373,532.9,1974337,306191,233968,https://www.hunt-analyser.com/hunt_sessions/53434
53434,Glooth Plains - Surface (Oramond),"Aug 09, 2026 21:39",42,Glooth Blob,348,497.1,1974337,306191,233968,https://www.hunt-analyser.com/hunt_sessions/53434
53434,Glooth Plains - Surface (Oramond),"Aug 09, 2026 21:39",42,Devourer,163,232.9,1974337,306191,233968,https://www.hunt-analyser.com/hunt_sessions/53434
53434,Glooth Plains - Surface (Oramond),"Aug 09, 2026 21:39",42,Blood Beast,110,157.1,1974337,306191,233968,https://www.hunt-analyser.com/hunt_sessions/53434
53639,Glooth Tower,"Aug 12, 2026 00:46",25,Rustheap Golem,174,417.6,3387175,1026130,896296,https://www.hunt-analyser.com/hunt_sessions/53639
53639,Glooth Tower,"Aug 12, 2026 00:46",25,Glooth Golem,142,340.8,3387175,1026130,896296,https://www.hunt-analyser.com/hunt_sessions/53639
53639,Glooth Tower,"Aug 12, 2026 00:46",25,Devourer,111,266.4,3387175,1026130,896296,https://www.hunt-analyser.com/hunt_sessions/53639
53639,Glooth Tower,"Aug 12, 2026 00:46",25,Rot Elemental,78,187.2,3387175,1026130,896296,https://www.hunt-analyser.com/hunt_sessions/53639
53639,Glooth Tower,"Aug 12, 2026 00:46",25,Quara Hydromancer Scout,3,7.2,3387175,1026130,896296,https://www.hunt-analyser.com/hunt_sessions/53639
53639,Glooth Tower,"Aug 12, 2026 00:46",25,Quara Constrictor Scout,3,7.2,3387175,1026130,896296,https://www.hunt-analyser.com/hunt_sessions/53639
53639,Glooth Tower,"Aug 12, 2026 00:46",25,Quara Predator Scout,2,4.8,3387175,1026130,896296,https://www.hunt-analyser.com/hunt_sessions/53639
53639,Glooth Tower,"Aug 12, 2026 00:46",25,Quara Pincher Scout,2,4.8,3387175,1026130,896296,https://www.hunt-analyser.com/hunt_sessions/53639
53639,Glooth Tower,"Aug 12, 2026 00:46",25,Blood Beast,1,2.4,3387175,1026130,896296,https://www.hunt-analyser.com/hunt_sessions/53639
53711,Gnomegate Lava Hot Spot,"Aug 12, 2026 19:52",25,Vulcongra,178,427.2,2131941,585235,538396,https://www.hunt-analyser.com/hunt_sessions/53711
53711,Gnomegate Lava Hot Spot,"Aug 12, 2026 19:52",25,Massive Fire Elemental,118,283.2,2131941,585235,538396,https://www.hunt-analyser.com/hunt_sessions/53711
53711,Gnomegate Lava Hot Spot,"Aug 12, 2026 19:52",25,Dragon Lord,70,168.0,2131941,585235,538396,https://www.hunt-analyser.com/hunt_sessions/53711
53745,Grim Reaper (Yalahar),"Aug 12, 2026 23:17",60,Grim Reaper,520,520.0,7256749,273241,167481,https://www.hunt-analyser.com/hunt_sessions/53745
37309,Haunted Mansion,"Sep 26, 2025 14:49",88,Gazer Spectre,720,490.9,3508699,710208,299997,https://www.hunt-analyser.com/hunt_sessions/37309
37309,Haunted Mansion,"Sep 26, 2025 14:49",88,Thanatursus,98,66.8,3508699,710208,299997,https://www.hunt-analyser.com/hunt_sessions/37309
40102,Buster Spectre Darashia,"Nov 21, 2025 13:22",132,Burster Spectre,984,447.3,3540501,467509,-9566,https://www.hunt-analyser.com/hunt_sessions/40102
40339,Darklight,"Nov 26, 2025 18:26",85,Darklight Striker,672,474.4,50,4972345,3028161,https://www.hunt-analyser.com/hunt_sessions/40339
40339,Darklight,"Nov 26, 2025 18:26",85,Darklight Matter,475,335.3,50,4972345,3028161,https://www.hunt-analyser.com/hunt_sessions/40339
40339,Darklight,"Nov 26, 2025 18:26",85,Walking Pillar,367,259.1,50,4972345,3028161,https://www.hunt-analyser.com/hunt_sessions/40339
40339,Darklight,"Nov 26, 2025 18:26",85,Darklight Source,331,233.6,50,4972345,3028161,https://www.hunt-analyser.com/hunt_sessions/40339
40339,Darklight,"Nov 26, 2025 18:26",85,Scorpion,2,1.4,50,4972345,3028161,https://www.hunt-analyser.com/hunt_sessions/40339
40339,Darklight,"Nov 26, 2025 18:26",85,Ghoul,1,0.7,50,4972345,3028161,https://www.hunt-analyser.com/hunt_sessions/40339
40339,Darklight,"Nov 26, 2025 18:26",85,Zombie,1,0.7,50,4972345,3028161,https://www.hunt-analyser.com/hunt_sessions/40339
41127,DUO 277EM + 250EK,"Dec 13, 2025 10:51",130,Burster Spectre,1624,749.5,7401909,738344,345502,https://www.hunt-analyser.com/hunt_sessions/41127
41127,DUO 277EM + 250EK,"Dec 13, 2025 10:51",130,Mummy,26,12.0,7401909,738344,345502,https://www.hunt-analyser.com/hunt_sessions/41127
41127,DUO 277EM + 250EK,"Dec 13, 2025 10:51",130,Lion,1,0.5,7401909,738344,345502,https://www.hunt-analyser.com/hunt_sessions/41127
46448,Buried Cathedral -3,"Apr 24, 2026 19:51",59,Burster Spectre,349,354.9,4318345,1232479,731110,https://www.hunt-analyser.com/hunt_sessions/46448
46448,Buried Cathedral -3,"Apr 24, 2026 19:51",59,Arachnophobica,305,310.2,4318345,1232479,731110,https://www.hunt-analyser.com/hunt_sessions/46448
46448,Buried Cathedral -3,"Apr 24, 2026 19:51",59,Gazer Spectre,164,166.8,4318345,1232479,731110,https://www.hunt-analyser.com/hunt_sessions/46448
46448,Buried Cathedral -3,"Apr 24, 2026 19:51",59,Ripper Spectre,43,43.7,4318345,1232479,731110,https://www.hunt-analyser.com/hunt_sessions/46448
46748,,"May 02, 2026 05:20",36,Wyrm,250,416.7,2014720,258012,-15504,https://www.hunt-analyser.com/hunt_sessions/46748
46748,,"May 02, 2026 05:20",36,Elder Wyrm,84,140.0,2014720,258012,-15504,https://www.hunt-analyser.com/hunt_sessions/46748
46748,,"May 02, 2026 05:20",36,Scorpion,28,46.7,2014720,258012,-15504,https://www.hunt-analyser.com/hunt_sessions/46748
46748,,"May 02, 2026 05:20",36,Demon Skeleton,17,28.3,2014720,258012,-15504,https://www.hunt-analyser.com/hunt_sessions/46748
46748,,"May 02, 2026 05:20",36,Ghoul,14,23.3,2014720,258012,-15504,https://www.hunt-analyser.com/hunt_sessions/46748
46748,,"May 02, 2026 05:20",36,Skeleton,11,18.3,2014720,258012,-15504,https://www.hunt-analyser.com/hunt_sessions/46748
46748,,"May 02, 2026 05:20",36,Necromancer,11,18.3,2014720,258012,-15504,https://www.hunt-analyser.com/hunt_sessions/46748
46748,,"May 02, 2026 05:20",36,Bat,7,11.7,2014720,258012,-15504,https://www.hunt-analyser.com/hunt_sessions/46748
46748,,"May 02, 2026 05:20",36,Skeleton Warrior,6,10.0,2014720,258012,-15504,https://www.hunt-analyser.com/hunt_sessions/46748
46748,,"May 02, 2026 05:20",36,Tarnished Spirit,5,8.3,2014720,258012,-15504,https://www.hunt-analyser.com/hunt_sessions/46748
46748,,"May 02, 2026 05:20",36,Snake,5,8.3,2014720,258012,-15504,https://www.hunt-analyser.com/hunt_sessions/46748
46748,,"May 02, 2026 05:20",36,Nomad,5,8.3,2014720,258012,-15504,https://www.hunt-analyser.com/hunt_sessions/46748
46748,,"May 02, 2026 05:20",36,Mummy,5,8.3,2014720,258012,-15504,https://www.hunt-analyser.com/hunt_sessions/46748
46748,,"May 02, 2026 05:20",36,Vampire,4,6.7,2014720,258012,-15504,https://www.hunt-analyser.com/hunt_sessions/46748
46748,,"May 02, 2026 05:20",36,Ghost,4,6.7,2014720,258012,-15504,https://www.hunt-analyser.com/hunt_sessions/46748
46748,,"May 02, 2026 05:20",36,Priestess,3,5.0,2014720,258012,-15504,https://www.hunt-analyser.com/hunt_sessions/46748
46748,,"May 02, 2026 05:20",36,Rat,3,5.0,2014720,258012,-15504,https://www.hunt-analyser.com/hunt_sessions/46748
46748,,"May 02, 2026 05:20",36,Stalker,2,3.3,2014720,258012,-15504,https://www.hunt-analyser.com/hunt_sessions/46748
46748,,"May 02, 2026 05:20",36,Zombie,2,3.3,2014720,258012,-15504,https://www.hunt-analyser.com/hunt_sessions/46748
46748,,"May 02, 2026 05:20",36,Shadow Pupil,1,1.7,2014720,258012,-15504,https://www.hunt-analyser.com/hunt_sessions/46748
46748,,"May 02, 2026 05:20",36,Blood Hand,1,1.7,2014720,258012,-15504,https://www.hunt-analyser.com/hunt_sessions/46748
51574,"Duo buried -2 ED, EK","Jul 18, 2026 11:46",25,Ripper Spectre,116,278.4,668253,1054200,389827,https://www.hunt-analyser.com/hunt_sessions/51574
51574,"Duo buried -2 ED, EK","Jul 18, 2026 11:46",25,Arachnophobica,100,240.0,668253,1054200,389827,https://www.hunt-analyser.com/hunt_sessions/51574
51574,"Duo buried -2 ED, EK","Jul 18, 2026 11:46",25,Gazer Spectre,72,172.8,668253,1054200,389827,https://www.hunt-analyser.com/hunt_sessions/51574
51574,"Duo buried -2 ED, EK","Jul 18, 2026 11:46",25,Burster Spectre,8,19.2,668253,1054200,389827,https://www.hunt-analyser.com/hunt_sessions/51574
51722,Duo burried cathedral,"Jul 20, 2026 12:07",37,Burster Spectre,229,371.4,6523629,1262110,437458,https://www.hunt-analyser.com/hunt_sessions/51722
51722,Duo burried cathedral,"Jul 20, 2026 12:07",37,Arachnophobica,195,316.2,6523629,1262110,437458,https://www.hunt-analyser.com/hunt_sessions/51722
51722,Duo burried cathedral,"Jul 20, 2026 12:07",37,Gazer Spectre,119,193.0,6523629,1262110,437458,https://www.hunt-analyser.com/hunt_sessions/51722
51722,Duo burried cathedral,"Jul 20, 2026 12:07",37,Ripper Spectre,42,68.1,6523629,1262110,437458,https://www.hunt-analyser.com/hunt_sessions/51722
45762,"Calassa (Massive Water Elemental, Quara)","Apr 07, 2026 20:18",44,Quara Constrictor,169,230.5,1292565,220390,164205,https://www.hunt-analyser.com/hunt_sessions/45762
45762,"Calassa (Massive Water Elemental, Quara)","Apr 07, 2026 20:18",44,Quara Mantassin,163,222.3,1292565,220390,164205,https://www.hunt-analyser.com/hunt_sessions/45762
45762,"Calassa (Massive Water Elemental, Quara)","Apr 07, 2026 20:18",44,Quara Pincher,93,126.8,1292565,220390,164205,https://www.hunt-analyser.com/hunt_sessions/45762
45762,"Calassa (Massive Water Elemental, Quara)","Apr 07, 2026 20:18",44,Massive Water Elemental,91,124.1,1292565,220390,164205,https://www.hunt-analyser.com/hunt_sessions/45762
45762,"Calassa (Massive Water Elemental, Quara)","Apr 07, 2026 20:18",44,Quara Predator,90,122.7,1292565,220390,164205,https://www.hunt-analyser.com/hunt_sessions/45762
45762,"Calassa (Massive Water Elemental, Quara)","Apr 07, 2026 20:18",44,Quara Hydromancer,73,99.5,1292565,220390,164205,https://www.hunt-analyser.com/hunt_sessions/45762
45875,Quaras duo,"Apr 10, 2026 18:58",57,Quara Raider,795,836.8,19165270,2624054,1608687,https://www.hunt-analyser.com/hunt_sessions/45875
45875,Quaras duo,"Apr 10, 2026 18:58",57,Quara Looter,562,591.6,19165270,2624054,1608687,https://www.hunt-analyser.com/hunt_sessions/45875
45875,Quaras duo,"Apr 10, 2026 18:58",57,Quara Plunderer,414,435.8,19165270,2624054,1608687,https://www.hunt-analyser.com/hunt_sessions/45875
47999,Quara (bestiary),"May 28, 2026 06:51",64,Quara Raider,412,386.2,14827378,1278075,768807,https://www.hunt-analyser.com/hunt_sessions/47999
47999,Quara (bestiary),"May 28, 2026 06:51",64,Quara Looter,313,293.4,14827378,1278075,768807,https://www.hunt-analyser.com/hunt_sessions/47999
47999,Quara (bestiary),"May 28, 2026 06:51",64,Quara Plunderer,219,205.3,14827378,1278075,768807,https://www.hunt-analyser.com/hunt_sessions/47999
50905,Glooth Plains - Surface,"Jul 10, 2026 15:33",30,Rot Elemental,209,418.0,3088526,331234,274212,https://www.hunt-analyser.com/hunt_sessions/50905
50905,Glooth Plains - Surface,"Jul 10, 2026 15:33",30,Glooth Blob,208,416.0,3088526,331234,274212,https://www.hunt-analyser.com/hunt_sessions/50905
50905,Glooth Plains - Surface,"Jul 10, 2026 15:33",30,Blood Beast,155,310.0,3088526,331234,274212,https://www.hunt-analyser.com/hunt_sessions/50905
50905,Glooth Plains - Surface,"Jul 10, 2026 15:33",30,Devourer,139,278.0,3088526,331234,274212,https://www.hunt-analyser.com/hunt_sessions/50905
52823,Liberty Bay Quara Grotto,"Aug 03, 2026 13:40",22,Quara Mantassin Scout,19,51.8,365440,66622,16254,https://www.hunt-analyser.com/hunt_sessions/52823
52823,Liberty Bay Quara Grotto,"Aug 03, 2026 13:40",22,Quara Mantassin,19,51.8,365440,66622,16254,https://www.hunt-analyser.com/hunt_sessions/52823
52823,Liberty Bay Quara Grotto,"Aug 03, 2026 13:40",22,Quara Pincher Scout,18,49.1,365440,66622,16254,https://www.hunt-analyser.com/hunt_sessions/52823
52823,Liberty Bay Quara Grotto,"Aug 03, 2026 13:40",22,Quara Constrictor,16,43.6,365440,66622,16254,https://www.hunt-analyser.com/hunt_sessions/52823
52823,Liberty Bay Quara Grotto,"Aug 03, 2026 13:40",22,Quara Hydromancer,15,40.9,365440,66622,16254,https://www.hunt-analyser.com/hunt_sessions/52823
52823,Liberty Bay Quara Grotto,"Aug 03, 2026 13:40",22,Quara Predator Scout,14,38.2,365440,66622,16254,https://www.hunt-analyser.com/hunt_sessions/52823
52823,Liberty Bay Quara Grotto,"Aug 03, 2026 13:40",22,Quara Pincher,14,38.2,365440,66622,16254,https://www.hunt-analyser.com/hunt_sessions/52823
52823,Liberty Bay Quara Grotto,"Aug 03, 2026 13:40",22,Quara Constrictor Scout,12,32.7,365440,66622,16254,https://www.hunt-analyser.com/hunt_sessions/52823
52823,Liberty Bay Quara Grotto,"Aug 03, 2026 13:40",22,Quara Predator,6,16.4,365440,66622,16254,https://www.hunt-analyser.com/hunt_sessions/52823
52823,Liberty Bay Quara Grotto,"Aug 03, 2026 13:40",22,Quara Hydromancer Scout,6,16.4,365440,66622,16254,https://www.hunt-analyser.com/hunt_sessions/52823
53434,Glooth Plains - Surface (Oramond),"Aug 09, 2026 21:39",42,Rot Elemental,373,532.9,1974337,306191,233968,https://www.hunt-analyser.com/hunt_sessions/53434
53434,Glooth Plains - Surface (Oramond),"Aug 09, 2026 21:39",42,Glooth Blob,348,497.1,1974337,306191,233968,https://www.hunt-analyser.com/hunt_sessions/53434
53434,Glooth Plains - Surface (Oramond),"Aug 09, 2026 21:39",42,Devourer,163,232.9,1974337,306191,233968,https://www.hunt-analyser.com/hunt_sessions/53434
53434,Glooth Plains - Surface (Oramond),"Aug 09, 2026 21:39",42,Blood Beast,110,157.1,1974337,306191,233968,https://www.hunt-analyser.com/hunt_sessions/53434
55738,Podzilla Quaras,"Sep 02, 2026 21:50",120,Quara Raider,941,470.5,21477751,2081464,1912473,https://www.hunt-analyser.com/hunt_sessions/55738
55738,Podzilla Quaras,"Sep 02, 2026 21:50",120,Quara Looter,719,359.5,21477751,2081464,1912473,https://www.hunt-analyser.com/hunt_sessions/55738
55738,Podzilla Quaras,"Sep 02, 2026 21:50",120,Quara Plunderer,491,245.5,21477751,2081464,1912473,https://www.hunt-analyser.com/hunt_sessions/55738
56517,Quaras Podzilla,"Sep 10, 2026 20:11",66,Quara Raider,712,647.3,33741467,2374711,2374327,https://www.hunt-analyser.com/hunt_sessions/56517
56517,Quaras Podzilla,"Sep 10, 2026 20:11",66,Quara Looter,567,515.5,33741467,2374711,2374327,https://www.hunt-analyser.com/hunt_sessions/56517
56517,Quaras Podzilla,"Sep 10, 2026 20:11",66,Quara Plunderer,370,336.4,33741467,2374711,2374327,https://www.hunt-analyser.com/hunt_sessions/56517
56645,Quaras Podzilla,"Sep 11, 2026 22:04",66,Quara Raider,745,677.3,30348861,2531636,2530546,https://www.hunt-analyser.com/hunt_sessions/56645
56645,Quaras Podzilla,"Sep 11, 2026 22:04",66,Quara Looter,538,489.1,30348861,2531636,2530546,https://www.hunt-analyser.com/hunt_sessions/56645
56645,Quaras Podzilla,"Sep 11, 2026 22:04",66,Quara Plunderer,372,338.2,30348861,2531636,2530546,https://www.hunt-analyser.com/hunt_sessions/56645
56657,Quaras Podzilla,"Sep 11, 2026 23:39",66,Quara Raider,712,647.3,31351750,2053045,2005647,https://www.hunt-analyser.com/hunt_sessions/56657
56657,Quaras Podzilla,"Sep 11, 2026 23:39",66,Quara Looter,527,479.1,31351750,2053045,2005647,https://www.hunt-analyser.com/hunt_sessions/56657
56657,Quaras Podzilla,"Sep 11, 2026 23:39",66,Quara Plunderer,348,316.4,31351750,2053045,2005647,https://www.hunt-analyser.com/hunt_sessions/56657
56670,Teste 1 Quara Podizilla,"Sep 12, 2026 05:17",60,Quara Raider,452,452.0,22430557,1467950,1355766,https://www.hunt-analyser.com/hunt_sessions/56670
56670,Teste 1 Quara Podizilla,"Sep 12, 2026 05:17",60,Quara Looter,300,300.0,22430557,1467950,1355766,https://www.hunt-analyser.com/hunt_sessions/56670
56670,Teste 1 Quara Podizilla,"Sep 12, 2026 05:17",60,Quara Plunderer,232,232.0,22430557,1467950,1355766,https://www.hunt-analyser.com/hunt_sessions/56670
56710,Teste 2 Quara Podizilla,"Sep 12, 2026 16:36",64,Quara Raider,456,427.5,13784361,1452054,1238735,https://www.hunt-analyser.com/hunt_sessions/56710
56710,Teste 2 Quara Podizilla,"Sep 12, 2026 16:36",64,Quara Looter,342,320.6,13784361,1452054,1238735,https://www.hunt-analyser.com/hunt_sessions/56710
56710,Teste 2 Quara Podizilla,"Sep 12, 2026 16:36",64,Quara Plunderer,249,233.4,13784361,1452054,1238735,https://www.hunt-analyser.com/hunt_sessions/56710
56743,Podzilla Quaras,"Sep 12, 2026 23:46",81,Quara Raider,807,597.8,23588772,2428654,2380011,https://www.hunt-analyser.com/hunt_sessions/56743
56743,Podzilla Quaras,"Sep 12, 2026 23:46",81,Quara Looter,486,360.0,23588772,2428654,2380011,https://www.hunt-analyser.com/hunt_sessions/56743
56743,Podzilla Quaras,"Sep 12, 2026 23:46",81,Quara Plunderer,438,324.4,23588772,2428654,2380011,https://www.hunt-analyser.com/hunt_sessions/56743
56841,Podzilla Quaras,"Sep 13, 2026 21:35",134,Quara Raider,1324,592.8,23684524,2550560,2156436,https://www.hunt-analyser.com/hunt_sessions/56841
56841,Podzilla Quaras,"Sep 13, 2026 21:35",134,Quara Looter,785,351.5,23684524,2550560,2156436,https://www.hunt-analyser.com/hunt_sessions/56841
56841,Podzilla Quaras,"Sep 13, 2026 21:35",134,Quara Plunderer,635,284.3,23684524,2550560,2156436,https://www.hunt-analyser.com/hunt_sessions/56841
56931,Podzilla Quaras,"Sep 14, 2026 21:35",126,Quara Raider,1238,589.5,26803598,2320544,2248862,https://www.hunt-analyser.com/hunt_sessions/56931
56931,Podzilla Quaras,"Sep 14, 2026 21:35",126,Quara Looter,734,349.5,26803598,2320544,2248862,https://www.hunt-analyser.com/hunt_sessions/56931
56931,Podzilla Quaras,"Sep 14, 2026 21:35",126,Quara Plunderer,603,287.1,26803598,2320544,2248862,https://www.hunt-analyser.com/hunt_sessions/56931
57028,Podzilla Quaras,"Sep 15, 2026 22:02",106,Quara Raider,1106,626.0,24708903,2614291,2570896,https://www.hunt-analyser.com/hunt_sessions/57028
57028,Podzilla Quaras,"Sep 15, 2026 22:02",106,Quara Looter,652,369.1,24708903,2614291,2570896,https://www.hunt-analyser.com/hunt_sessions/57028
57028,Podzilla Quaras,"Sep 15, 2026 22:02",106,Quara Plunderer,549,310.8,24708903,2614291,2570896,https://www.hunt-analyser.com/hunt_sessions/57028
37817,Werehyena (South) - 40min/371lvl,"Oct 05, 2025 10:35",42,Werehyaena,587,838.6,3977948,804186,647707,https://www.hunt-analyser.com/hunt_sessions/37817
37817,Werehyena (South) - 40min/371lvl,"Oct 05, 2025 10:35",42,Werehyaena Shaman,241,344.3,3977948,804186,647707,https://www.hunt-analyser.com/hunt_sessions/37817
39992,werehyena teste,"Nov 19, 2025 13:44",28,Werehyaena,160,342.9,1592485,383164,24407,https://www.hunt-analyser.com/hunt_sessions/39992
39992,werehyena teste,"Nov 19, 2025 13:44",28,Werehyaena Shaman,65,139.3,1592485,383164,24407,https://www.hunt-analyser.com/hunt_sessions/39992
43530,Darashia Werehyena South,"Feb 13, 2026 09:22",50,Werehyaena,529,634.8,2977459,615130,545818,https://www.hunt-analyser.com/hunt_sessions/43530
43530,Darashia Werehyena South,"Feb 13, 2026 09:22",50,Werehyaena Shaman,228,273.6,2977459,615130,545818,https://www.hunt-analyser.com/hunt_sessions/43530
43559,werehyena -2 south,"Feb 14, 2026 01:12",35,Werehyaena,373,639.4,2952334,484850,41895,https://www.hunt-analyser.com/hunt_sessions/43559
43559,werehyena -2 south,"Feb 14, 2026 01:12",35,Werehyaena Shaman,148,253.7,2952334,484850,41895,https://www.hunt-analyser.com/hunt_sessions/43559
43559,werehyena -2 south,"Feb 14, 2026 01:12",35,Lich,1,1.7,2952334,484850,41895,https://www.hunt-analyser.com/hunt_sessions/43559
43565,Werehyena north,"Feb 14, 2026 00:40",123,Werehyaena,878,428.3,2263969,496208,163216,https://www.hunt-analyser.com/hunt_sessions/43565
43565,Werehyena north,"Feb 14, 2026 00:40",123,Werehyaena Shaman,531,259.0,2263969,496208,163216,https://www.hunt-analyser.com/hunt_sessions/43565
43574,Darashia Werehyena North,"Feb 14, 2026 08:32",58,Werehyaena,446,461.4,2344437,486369,404254,https://www.hunt-analyser.com/hunt_sessions/43574
43574,Darashia Werehyena North,"Feb 14, 2026 08:32",58,Werehyaena Shaman,240,248.3,2344437,486369,404254,https://www.hunt-analyser.com/hunt_sessions/43574
43574,Darashia Werehyena North,"Feb 14, 2026 08:32",58,Hyaena,6,6.2,2344437,486369,404254,https://www.hunt-analyser.com/hunt_sessions/43574
43679,werehyena North,"Feb 17, 2026 11:02",53,Werehyaena,414,468.7,2453613,541262,219491,https://www.hunt-analyser.com/hunt_sessions/43679
43679,werehyena North,"Feb 17, 2026 11:02",53,Werehyaena Shaman,243,275.1,2453613,541262,219491,https://www.hunt-analyser.com/hunt_sessions/43679
43708,werehyena North,"Feb 18, 2026 04:57",49,Werehyaena,459,562.0,2909123,661488,313829,https://www.hunt-analyser.com/hunt_sessions/43708
43708,werehyena North,"Feb 18, 2026 04:57",49,Werehyaena Shaman,261,319.6,2909123,661488,313829,https://www.hunt-analyser.com/hunt_sessions/43708
43805,werehyena North,"Feb 19, 2026 16:11",51,Werehyaena,495,582.4,3716896,599502,252641,https://www.hunt-analyser.com/hunt_sessions/43805
43805,werehyena North,"Feb 19, 2026 16:11",51,Werehyaena Shaman,266,312.9,3716896,599502,252641,https://www.hunt-analyser.com/hunt_sessions/43805
43806,werehyena North,"Feb 19, 2026 17:07",50,Werehyaena,467,560.4,3524199,609382,242498,https://www.hunt-analyser.com/hunt_sessions/43806
43806,werehyena North,"Feb 19, 2026 17:07",50,Werehyaena Shaman,238,285.6,3524199,609382,242498,https://www.hunt-analyser.com/hunt_sessions/43806
44274,werehyena north,"Mar 02, 2026 16:30",63,Werehyaena,625,595.2,3077437,608089,327649,https://www.hunt-analyser.com/hunt_sessions/44274
44274,werehyena north,"Mar 02, 2026 16:30",63,Werehyaena Shaman,354,337.1,3077437,608089,327649,https://www.hunt-analyser.com/hunt_sessions/44274
44526,werehyena north,"Mar 07, 2026 07:39",97,Werehyaena,848,524.5,4409575,656378,365474,https://www.hunt-analyser.com/hunt_sessions/44526
44526,werehyena north,"Mar 07, 2026 07:39",97,Werehyaena Shaman,422,261.0,4409575,656378,365474,https://www.hunt-analyser.com/hunt_sessions/44526
44735,Werehyena South :D,"Mar 11, 2026 14:05",203,Werehyaena,2431,718.5,3195123,688387,336189,https://www.hunt-analyser.com/hunt_sessions/44735
44735,Werehyena South :D,"Mar 11, 2026 14:05",203,Werehyaena Shaman,935,276.4,3195123,688387,336189,https://www.hunt-analyser.com/hunt_sessions/44735
44744,Werehyena South :D,"Mar 11, 2026 19:22",78,Werehyaena,909,699.2,2219461,614908,311005,https://www.hunt-analyser.com/hunt_sessions/44744
44744,Werehyena South :D,"Mar 11, 2026 19:22",78,Werehyaena Shaman,340,261.5,2219461,614908,311005,https://www.hunt-analyser.com/hunt_sessions/44744
44827,Werehyena South :D,"Mar 14, 2026 01:35",188,Werehyaena,2264,722.6,3299139,875466,575345,https://www.hunt-analyser.com/hunt_sessions/44827
44827,Werehyena South :D,"Mar 14, 2026 01:35",188,Werehyaena Shaman,932,297.4,3299139,875466,575345,https://www.hunt-analyser.com/hunt_sessions/44827
45096,Werehyena EK 245lvl,"Mar 20, 2026 19:05",60,Werehyaena,383,383.0,2338082,487570,213796,https://www.hunt-analyser.com/hunt_sessions/45096
45096,Werehyena EK 245lvl,"Mar 20, 2026 19:05",60,Werehyaena Shaman,155,155.0,2338082,487570,213796,https://www.hunt-analyser.com/hunt_sessions/45096
45119,Werehyena EK 245lvl,"Mar 21, 2026 08:53",57,Werehyaena,349,367.4,1665276,455682,223669,https://www.hunt-analyser.com/hunt_sessions/45119
45119,Werehyena EK 245lvl,"Mar 21, 2026 08:53",57,Werehyaena Shaman,132,138.9,1665276,455682,223669,https://www.hunt-analyser.com/hunt_sessions/45119
45119,Werehyena EK 245lvl,"Mar 21, 2026 08:53",57,Lich,1,1.1,1665276,455682,223669,https://www.hunt-analyser.com/hunt_sessions/45119
51793,Werehyena MS 290+,"Jul 21, 2026 13:51",37,Werehyaena,393,637.3,3331157,666534,463890,https://www.hunt-analyser.com/hunt_sessions/51793
51793,Werehyena MS 290+,"Jul 21, 2026 13:51",37,Werehyaena Shaman,230,373.0,3331157,666534,463890,https://www.hunt-analyser.com/hunt_sessions/51793
38528,Werelions -2,"Oct 20, 2025 06:16",30,Werelioness,297,594.0,4430370,1001266,736090,https://www.hunt-analyser.com/hunt_sessions/38528
38528,Werelions -2,"Oct 20, 2025 06:16",30,Werelion,258,516.0,4430370,1001266,736090,https://www.hunt-analyser.com/hunt_sessions/38528
38528,Werelions -2,"Oct 20, 2025 06:16",30,White Lion,98,196.0,4430370,1001266,736090,https://www.hunt-analyser.com/hunt_sessions/38528
38529,Werelions -1,"Oct 20, 2025 06:50",55,Werelioness,586,639.3,4725003,1154836,856088,https://www.hunt-analyser.com/hunt_sessions/38529
38529,Werelions -1,"Oct 20, 2025 06:50",55,Werelion,521,568.4,4725003,1154836,856088,https://www.hunt-analyser.com/hunt_sessions/38529
38529,Werelions -1,"Oct 20, 2025 06:50",55,White Lion,170,185.5,4725003,1154836,856088,https://www.hunt-analyser.com/hunt_sessions/38529
40686,Werelions -2,"Dec 03, 2025 04:14",72,Werelioness,680,566.7,4206208,950441,637495,https://www.hunt-analyser.com/hunt_sessions/40686
40686,Werelions -2,"Dec 03, 2025 04:14",72,Werelion,594,495.0,4206208,950441,637495,https://www.hunt-analyser.com/hunt_sessions/40686
40686,Werelions -2,"Dec 03, 2025 04:14",72,White Lion,210,175.0,4206208,950441,637495,https://www.hunt-analyser.com/hunt_sessions/40686
40876,|Rapid| Werelions -2,"Dec 07, 2025 02:47",60,Werelion,616,616.0,5115250,1263829,910587,https://www.hunt-analyser.com/hunt_sessions/40876
40876,|Rapid| Werelions -2,"Dec 07, 2025 02:47",60,Werelioness,529,529.0,5115250,1263829,910587,https://www.hunt-analyser.com/hunt_sessions/40876
40876,|Rapid| Werelions -2,"Dec 07, 2025 02:47",60,White Lion,364,364.0,5115250,1263829,910587,https://www.hunt-analyser.com/hunt_sessions/40876
40878,|Rapid| Werelions -1,"Dec 07, 2025 04:50",60,Werelioness,625,625.0,4702436,1381072,968033,https://www.hunt-analyser.com/hunt_sessions/40878
40878,|Rapid| Werelions -1,"Dec 07, 2025 04:50",60,Werelion,621,621.0,4702436,1381072,968033,https://www.hunt-analyser.com/hunt_sessions/40878
40878,|Rapid| Werelions -1,"Dec 07, 2025 04:50",60,White Lion,381,381.0,4702436,1381072,968033,https://www.hunt-analyser.com/hunt_sessions/40878
41821,|Double| Werelions -1,"Dec 28, 2025 04:09",35,Werelioness,371,636.0,10777834,1117346,764898,https://www.hunt-analyser.com/hunt_sessions/41821
41821,|Double| Werelions -1,"Dec 28, 2025 04:09",35,Werelion,341,584.6,10777834,1117346,764898,https://www.hunt-analyser.com/hunt_sessions/41821
41821,|Double| Werelions -1,"Dec 28, 2025 04:09",35,White Lion,113,193.7,10777834,1117346,764898,https://www.hunt-analyser.com/hunt_sessions/41821
44388,Werelions,"Mar 05, 2026 13:55",82,Werelioness,592,433.2,6139703,825614,403086,https://www.hunt-analyser.com/hunt_sessions/44388
44388,Werelions,"Mar 05, 2026 13:55",82,Werelion,539,394.4,6139703,825614,403086,https://www.hunt-analyser.com/hunt_sessions/44388
44388,Werelions,"Mar 05, 2026 13:55",82,White Lion,196,143.4,6139703,825614,403086,https://www.hunt-analyser.com/hunt_sessions/44388
46417,Werelions -2,"Apr 24, 2026 09:03",39,Werelioness,379,583.1,5346970,972586,708123,https://www.hunt-analyser.com/hunt_sessions/46417
46417,Werelions -2,"Apr 24, 2026 09:03",39,Werelion,326,501.5,5346970,972586,708123,https://www.hunt-analyser.com/hunt_sessions/46417
46417,Werelions -2,"Apr 24, 2026 09:03",39,White Lion,117,180.0,5346970,972586,708123,https://www.hunt-analyser.com/hunt_sessions/46417
46817,werelions,"May 03, 2026 19:55",54,Cunning Werepanther,263,292.2,3486840,730328,432491,https://www.hunt-analyser.com/hunt_sessions/46817
46817,werelions,"May 03, 2026 19:55",54,Weretiger,150,166.7,3486840,730328,432491,https://www.hunt-analyser.com/hunt_sessions/46817
46817,werelions,"May 03, 2026 19:55",54,White Weretiger,71,78.9,3486840,730328,432491,https://www.hunt-analyser.com/hunt_sessions/46817
46817,werelions,"May 03, 2026 19:55",54,Scorpion,6,6.7,3486840,730328,432491,https://www.hunt-analyser.com/hunt_sessions/46817
46817,werelions,"May 03, 2026 19:55",54,White Tiger,4,4.4,3486840,730328,432491,https://www.hunt-analyser.com/hunt_sessions/46817
46817,werelions,"May 03, 2026 19:55",54,Werecrocodile,4,4.4,3486840,730328,432491,https://www.hunt-analyser.com/hunt_sessions/46817
46817,werelions,"May 03, 2026 19:55",54,Werepanther,3,3.3,3486840,730328,432491,https://www.hunt-analyser.com/hunt_sessions/46817
46817,werelions,"May 03, 2026 19:55",54,Crocodile,3,3.3,3486840,730328,432491,https://www.hunt-analyser.com/hunt_sessions/46817
46817,werelions,"May 03, 2026 19:55",54,Cobra,3,3.3,3486840,730328,432491,https://www.hunt-analyser.com/hunt_sessions/46817
46817,werelions,"May 03, 2026 19:55",54,Tiger,2,2.2,3486840,730328,432491,https://www.hunt-analyser.com/hunt_sessions/46817
46817,werelions,"May 03, 2026 19:55",54,Feral Werecrocodile,2,2.2,3486840,730328,432491,https://www.hunt-analyser.com/hunt_sessions/46817
46817,werelions,"May 03, 2026 19:55",54,Killer Caiman,1,1.1,3486840,730328,432491,https://www.hunt-analyser.com/hunt_sessions/46817
49850,werelions,"Jun 28, 2026 09:50",24,Werelioness,79,197.5,2118600,270708,54807,https://www.hunt-analyser.com/hunt_sessions/49850
49850,werelions,"Jun 28, 2026 09:50",24,Werelion,79,197.5,2118600,270708,54807,https://www.hunt-analyser.com/hunt_sessions/49850
49850,werelions,"Jun 28, 2026 09:50",24,White Lion,9,22.5,2118600,270708,54807,https://www.hunt-analyser.com/hunt_sessions/49850
49922,Werelion -1,"Jun 29, 2026 07:58",31,Werelioness,376,727.7,8517944,1246608,1120871,https://www.hunt-analyser.com/hunt_sessions/49922
49922,Werelion -1,"Jun 29, 2026 07:58",31,Werelion,353,683.2,8517944,1246608,1120871,https://www.hunt-analyser.com/hunt_sessions/49922
49922,Werelion -1,"Jun 29, 2026 07:58",31,White Lion,129,249.7,8517944,1246608,1120871,https://www.hunt-analyser.com/hunt_sessions/49922
51711,Werelion -1 (post nerf),"Jul 20, 2026 12:43",55,Werelioness,510,556.4,6109828,824888,696876,https://www.hunt-analyser.com/hunt_sessions/51711
51711,Werelion -1 (post nerf),"Jul 20, 2026 12:43",55,Werelion,462,504.0,6109828,824888,696876,https://www.hunt-analyser.com/hunt_sessions/51711
51711,Werelion -1 (post nerf),"Jul 20, 2026 12:43",55,White Lion,159,173.5,6109828,824888,696876,https://www.hunt-analyser.com/hunt_sessions/51711
51711,Werelion -1 (post nerf),"Jul 20, 2026 12:43",55,Yirkas Blue Scales,1,1.1,6109828,824888,696876,https://www.hunt-analyser.com/hunt_sessions/51711
53750,Werelions -1,"Aug 12, 2026 22:03",37,Werelioness,260,421.6,3836680,507092,507092,https://www.hunt-analyser.com/hunt_sessions/53750
53750,Werelions -1,"Aug 12, 2026 22:03",37,Werelion,226,366.5,3836680,507092,507092,https://www.hunt-analyser.com/hunt_sessions/53750
53750,Werelions -1,"Aug 12, 2026 22:03",37,White Lion,72,116.8,3836680,507092,507092,https://www.hunt-analyser.com/hunt_sessions/53750
54319,Werelions -1,"Aug 18, 2026 11:25",30,Werelioness,438,876.0,17464616,1642660,1440182,https://www.hunt-analyser.com/hunt_sessions/54319
54319,Werelions -1,"Aug 18, 2026 11:25",30,Werelion,383,766.0,17464616,1642660,1440182,https://www.hunt-analyser.com/hunt_sessions/54319
54319,Werelions -1,"Aug 18, 2026 11:25",30,White Lion,119,238.0,17464616,1642660,1440182,https://www.hunt-analyser.com/hunt_sessions/54319
37087,Weretigers -2,"Sep 23, 2025 12:52",30,Cunning Werepanther,219,438.0,4756020,943060,417896,https://www.hunt-analyser.com/hunt_sessions/37087
37087,Weretigers -2,"Sep 23, 2025 12:52",30,Weretiger,119,238.0,4756020,943060,417896,https://www.hunt-analyser.com/hunt_sessions/37087
37087,Weretigers -2,"Sep 23, 2025 12:52",30,White Weretiger,62,124.0,4756020,943060,417896,https://www.hunt-analyser.com/hunt_sessions/37087
37667,Weretigers -2,"Oct 02, 2025 10:49",30,Cunning Werepanther,222,444.0,5041954,897060,415626,https://www.hunt-analyser.com/hunt_sessions/37667
37667,Weretigers -2,"Oct 02, 2025 10:49",30,Weretiger,120,240.0,5041954,897060,415626,https://www.hunt-analyser.com/hunt_sessions/37667
37667,Weretigers -2,"Oct 02, 2025 10:49",30,White Weretiger,78,156.0,5041954,897060,415626,https://www.hunt-analyser.com/hunt_sessions/37667
37717,Weretigers -2,"Oct 03, 2025 11:37",30,Cunning Werepanther,205,410.0,4755520,884114,412818,https://www.hunt-analyser.com/hunt_sessions/37717
37717,Weretigers -2,"Oct 03, 2025 11:37",30,Weretiger,123,246.0,4755520,884114,412818,https://www.hunt-analyser.com/hunt_sessions/37717
37717,Weretigers -2,"Oct 03, 2025 11:37",30,White Weretiger,69,138.0,4755520,884114,412818,https://www.hunt-analyser.com/hunt_sessions/37717
37740,Weretigers -2,"Oct 03, 2025 18:40",31,Cunning Werepanther,229,443.2,4989131,1102788,540205,https://www.hunt-analyser.com/hunt_sessions/37740
37740,Weretigers -2,"Oct 03, 2025 18:40",31,Weretiger,122,236.1,4989131,1102788,540205,https://www.hunt-analyser.com/hunt_sessions/37740
37740,Weretigers -2,"Oct 03, 2025 18:40",31,White Weretiger,77,149.0,4989131,1102788,540205,https://www.hunt-analyser.com/hunt_sessions/37740
37749,Weretigers -2,"Oct 04, 2025 02:51",40,Cunning Werepanther,278,417.0,4961845,1022010,507666,https://www.hunt-analyser.com/hunt_sessions/37749
37749,Weretigers -2,"Oct 04, 2025 02:51",40,Weretiger,164,246.0,4961845,1022010,507666,https://www.hunt-analyser.com/hunt_sessions/37749
37749,Weretigers -2,"Oct 04, 2025 02:51",40,White Weretiger,106,159.0,4961845,1022010,507666,https://www.hunt-analyser.com/hunt_sessions/37749
38803,Weretigers -2,"Oct 26, 2025 05:19",55,Cunning Werepanther,408,445.1,5304374,1098505,522793,https://www.hunt-analyser.com/hunt_sessions/38803
38803,Weretigers -2,"Oct 26, 2025 05:19",55,Weretiger,250,272.7,5304374,1098505,522793,https://www.hunt-analyser.com/hunt_sessions/38803
38803,Weretigers -2,"Oct 26, 2025 05:19",55,White Weretiger,149,162.5,5304374,1098505,522793,https://www.hunt-analyser.com/hunt_sessions/38803
38815,Weretigers -2,"Oct 26, 2025 12:47",33,Cunning Werepanther,259,470.9,5408869,1113011,514807,https://www.hunt-analyser.com/hunt_sessions/38815
38815,Weretigers -2,"Oct 26, 2025 12:47",33,Weretiger,143,260.0,5408869,1113011,514807,https://www.hunt-analyser.com/hunt_sessions/38815
38815,Weretigers -2,"Oct 26, 2025 12:47",33,White Weretiger,96,174.5,5408869,1113011,514807,https://www.hunt-analyser.com/hunt_sessions/38815
39100,Weretigers -2,"Nov 01, 2025 02:55",60,Cunning Werepanther,511,511.0,5963718,1191148,623952,https://www.hunt-analyser.com/hunt_sessions/39100
39100,Weretigers -2,"Nov 01, 2025 02:55",60,Weretiger,298,298.0,5963718,1191148,623952,https://www.hunt-analyser.com/hunt_sessions/39100
39100,Weretigers -2,"Nov 01, 2025 02:55",60,White Weretiger,185,185.0,5963718,1191148,623952,https://www.hunt-analyser.com/hunt_sessions/39100
39145,Weretigers -1,"Nov 02, 2025 02:20",30,Cunning Werepanther,225,450.0,7461636,1000734,495406,https://www.hunt-analyser.com/hunt_sessions/39145
39145,Weretigers -1,"Nov 02, 2025 02:20",30,Weretiger,131,262.0,7461636,1000734,495406,https://www.hunt-analyser.com/hunt_sessions/39145
39145,Weretigers -1,"Nov 02, 2025 02:20",30,White Weretiger,72,144.0,7461636,1000734,495406,https://www.hunt-analyser.com/hunt_sessions/39145
39442,Weretigers -2,"Nov 08, 2025 05:36",30,Cunning Werepanther,205,410.0,13468438,1020354,414790,https://www.hunt-analyser.com/hunt_sessions/39442
39442,Weretigers -2,"Nov 08, 2025 05:36",30,Weretiger,156,312.0,13468438,1020354,414790,https://www.hunt-analyser.com/hunt_sessions/39442
39442,Weretigers -2,"Nov 08, 2025 05:36",30,White Weretiger,91,182.0,13468438,1020354,414790,https://www.hunt-analyser.com/hunt_sessions/39442
39560,Weretigers -1,"Nov 10, 2025 01:53",60,Cunning Werepanther,434,434.0,9504111,926959,416136,https://www.hunt-analyser.com/hunt_sessions/39560
39560,Weretigers -1,"Nov 10, 2025 01:53",60,Weretiger,245,245.0,9504111,926959,416136,https://www.hunt-analyser.com/hunt_sessions/39560
39560,Weretigers -1,"Nov 10, 2025 01:53",60,White Weretiger,122,122.0,9504111,926959,416136,https://www.hunt-analyser.com/hunt_sessions/39560
40528,Weretigers -2,"Nov 30, 2025 07:10",71,Cunning Werepanther,576,486.8,5448302,1158948,552486,https://www.hunt-analyser.com/hunt_sessions/40528
40528,Weretigers -2,"Nov 30, 2025 07:10",71,Weretiger,345,291.5,5448302,1158948,552486,https://www.hunt-analyser.com/hunt_sessions/40528
40528,Weretigers -2,"Nov 30, 2025 07:10",71,White Weretiger,204,172.4,5448302,1158948,552486,https://www.hunt-analyser.com/hunt_sessions/40528
41079,Weretigers -2 (Fullmoon),"Dec 12, 2025 08:26",60,Cunning Werepanther,426,426.0,5983632,1233716,649252,https://www.hunt-analyser.com/hunt_sessions/41079
41079,Weretigers -2 (Fullmoon),"Dec 12, 2025 08:26",60,Weretiger,245,245.0,5983632,1233716,649252,https://www.hunt-analyser.com/hunt_sessions/41079
41079,Weretigers -2 (Fullmoon),"Dec 12, 2025 08:26",60,White Weretiger,222,222.0,5983632,1233716,649252,https://www.hunt-analyser.com/hunt_sessions/41079
41079,Weretigers -2 (Fullmoon),"Dec 12, 2025 08:26",60,White Tiger,7,7.0,5983632,1233716,649252,https://www.hunt-analyser.com/hunt_sessions/41079
41079,Weretigers -2 (Fullmoon),"Dec 12, 2025 08:26",60,Tiger,3,3.0,5983632,1233716,649252,https://www.hunt-analyser.com/hunt_sessions/41079
42996,Weretigers -2,"Jan 28, 2026 16:10",46,Cunning Werepanther,410,534.8,8410734,1330452,784981,https://www.hunt-analyser.com/hunt_sessions/42996
42996,Weretigers -2,"Jan 28, 2026 16:10",46,Weretiger,249,324.8,8410734,1330452,784981,https://www.hunt-analyser.com/hunt_sessions/42996
42996,Weretigers -2,"Jan 28, 2026 16:10",46,White Weretiger,139,181.3,8410734,1330452,784981,https://www.hunt-analyser.com/hunt_sessions/42996
43539,Weretigers -2,"Feb 13, 2026 12:12",43,Cunning Werepanther,324,452.1,6970297,1463263,842197,https://www.hunt-analyser.com/hunt_sessions/43539
43539,Weretigers -2,"Feb 13, 2026 12:12",43,Weretiger,211,294.4,6970297,1463263,842197,https://www.hunt-analyser.com/hunt_sessions/43539
43539,Weretigers -2,"Feb 13, 2026 12:12",43,White Weretiger,177,247.0,6970297,1463263,842197,https://www.hunt-analyser.com/hunt_sessions/43539
43942,Weretigers -1,"Feb 23, 2026 05:26",60,Cunning Werepanther,462,462.0,8703510,1132726,772296,https://www.hunt-analyser.com/hunt_sessions/43942
43942,Weretigers -1,"Feb 23, 2026 05:26",60,Weretiger,276,276.0,8703510,1132726,772296,https://www.hunt-analyser.com/hunt_sessions/43942
43942,Weretigers -1,"Feb 23, 2026 05:26",60,White Weretiger,140,140.0,8703510,1132726,772296,https://www.hunt-analyser.com/hunt_sessions/43942
43957,Weretiger -2,"Feb 23, 2026 15:03",42,Cunning Werepanther,258,368.6,6662371,485387,485387,https://www.hunt-analyser.com/hunt_sessions/43957
43957,Weretiger -2,"Feb 23, 2026 15:03",42,Weretiger,161,230.0,6662371,485387,485387,https://www.hunt-analyser.com/hunt_sessions/43957
43957,Weretiger -2,"Feb 23, 2026 15:03",42,White Weretiger,97,138.6,6662371,485387,485387,https://www.hunt-analyser.com/hunt_sessions/43957
43996,Weretiger -2,"Feb 24, 2026 14:17",40,Cunning Werepanther,275,412.5,7165071,480976,480976,https://www.hunt-analyser.com/hunt_sessions/43996
43996,Weretiger -2,"Feb 24, 2026 14:17",40,Weretiger,152,228.0,7165071,480976,480976,https://www.hunt-analyser.com/hunt_sessions/43996
43996,Weretiger -2,"Feb 24, 2026 14:17",40,White Weretiger,102,153.0,7165071,480976,480976,https://www.hunt-analyser.com/hunt_sessions/43996
45290,Weretiger x2,"Mar 25, 2026 20:03",47,Cunning Werepanther,565,721.3,4632575,1708813,1203342,https://www.hunt-analyser.com/hunt_sessions/45290
45290,Weretiger x2,"Mar 25, 2026 20:03",47,Weretiger,359,458.3,4632575,1708813,1203342,https://www.hunt-analyser.com/hunt_sessions/45290
45290,Weretiger x2,"Mar 25, 2026 20:03",47,White Weretiger,205,261.7,4632575,1708813,1203342,https://www.hunt-analyser.com/hunt_sessions/45290
45418,Weretigers -2,"Mar 29, 2026 04:08",60,Cunning Werepanther,534,534.0,12944278,1427502,940650,https://www.hunt-analyser.com/hunt_sessions/45418
45418,Weretigers -2,"Mar 29, 2026 04:08",60,Weretiger,300,300.0,12944278,1427502,940650,https://www.hunt-analyser.com/hunt_sessions/45418
45418,Weretigers -2,"Mar 29, 2026 04:08",60,White Weretiger,193,193.0,12944278,1427502,940650,https://www.hunt-analyser.com/hunt_sessions/45418
45624,Weretigers -2,"Apr 04, 2026 01:55",60,Cunning Werepanther,577,577.0,7596030,1556820,1067843,https://www.hunt-analyser.com/hunt_sessions/45624
45624,Weretigers -2,"Apr 04, 2026 01:55",60,Weretiger,344,344.0,7596030,1556820,1067843,https://www.hunt-analyser.com/hunt_sessions/45624
45624,Weretigers -2,"Apr 04, 2026 01:55",60,White Weretiger,198,198.0,7596030,1556820,1067843,https://www.hunt-analyser.com/hunt_sessions/45624
46909,Weretiger -1,"May 06, 2026 10:08",60,Cunning Werepanther,236,236.0,2719699,525044,324016,https://www.hunt-analyser.com/hunt_sessions/46909
46909,Weretiger -1,"May 06, 2026 10:08",60,Weretiger,154,154.0,2719699,525044,324016,https://www.hunt-analyser.com/hunt_sessions/46909
46909,Weretiger -1,"May 06, 2026 10:08",60,White Weretiger,68,68.0,2719699,525044,324016,https://www.hunt-analyser.com/hunt_sessions/46909
46909,Weretiger -1,"May 06, 2026 10:08",60,White Tiger,1,1.0,2719699,525044,324016,https://www.hunt-analyser.com/hunt_sessions/46909
46909,Weretiger -1,"May 06, 2026 10:08",60,Scorpion,1,1.0,2719699,525044,324016,https://www.hunt-analyser.com/hunt_sessions/46909
47094,EM 300+ WERETIGER -2,"May 10, 2026 05:36",55,Cunning Werepanther,380,414.5,5445913,970084,238778,https://www.hunt-analyser.com/hunt_sessions/47094
47094,EM 300+ WERETIGER -2,"May 10, 2026 05:36",55,Weretiger,193,210.5,5445913,970084,238778,https://www.hunt-analyser.com/hunt_sessions/47094
47094,EM 300+ WERETIGER -2,"May 10, 2026 05:36",55,White Weretiger,117,127.6,5445913,970084,238778,https://www.hunt-analyser.com/hunt_sessions/47094
47643,Weretigers -2,"May 20, 2026 07:27",36,Cunning Werepanther,332,553.3,11679748,1543675,1106418,https://www.hunt-analyser.com/hunt_sessions/47643
47643,Weretigers -2,"May 20, 2026 07:27",36,Weretiger,203,338.3,11679748,1543675,1106418,https://www.hunt-analyser.com/hunt_sessions/47643
47643,Weretigers -2,"May 20, 2026 07:27",36,White Weretiger,108,180.0,11679748,1543675,1106418,https://www.hunt-analyser.com/hunt_sessions/47643
48495,Weretigers -2,"Jun 10, 2026 00:20",60,Cunning Werepanther,398,398.0,4728355,1058360,586194,https://www.hunt-analyser.com/hunt_sessions/48495
48495,Weretigers -2,"Jun 10, 2026 00:20",60,Weretiger,251,251.0,4728355,1058360,586194,https://www.hunt-analyser.com/hunt_sessions/48495
48495,Weretigers -2,"Jun 10, 2026 00:20",60,White Weretiger,140,140.0,4728355,1058360,586194,https://www.hunt-analyser.com/hunt_sessions/48495
52653,Weretiger -2,"Aug 01, 2026 10:30",37,Cunning Werepanther,373,604.9,13236024,1437871,1338150,https://www.hunt-analyser.com/hunt_sessions/52653
52653,Weretiger -2,"Aug 01, 2026 10:30",37,Weretiger,243,394.1,13236024,1437871,1338150,https://www.hunt-analyser.com/hunt_sessions/52653
52653,Weretiger -2,"Aug 01, 2026 10:30",37,White Weretiger,136,220.5,13236024,1437871,1338150,https://www.hunt-analyser.com/hunt_sessions/52653
52720,Weretigers -1,"Aug 02, 2026 04:55",47,Cunning Werepanther,382,487.7,7488382,1331313,1052277,https://www.hunt-analyser.com/hunt_sessions/52720
52720,Weretigers -1,"Aug 02, 2026 04:55",47,Weretiger,255,325.5,7488382,1331313,1052277,https://www.hunt-analyser.com/hunt_sessions/52720
52720,Weretigers -1,"Aug 02, 2026 04:55",47,White Weretiger,111,141.7,7488382,1331313,1052277,https://www.hunt-analyser.com/hunt_sessions/52720
36992,Ripper Spectre,"Sep 21, 2025 11:39",60,Ripper Spectre,468,468.0,5462492,1003764,839651,https://www.hunt-analyser.com/hunt_sessions/36992
36992,Ripper Spectre,"Sep 21, 2025 11:39",60,Arachnophobica,407,407.0,5462492,1003764,839651,https://www.hunt-analyser.com/hunt_sessions/36992
37719,Ripper Spectre,"Oct 03, 2025 12:24",50,Ripper Spectre,537,644.4,5922913,1107080,671755,https://www.hunt-analyser.com/hunt_sessions/37719
37719,Ripper Spectre,"Oct 03, 2025 12:24",50,Arachnophobica,430,516.0,5922913,1107080,671755,https://www.hunt-analyser.com/hunt_sessions/37719
38498,Burster Spectre #58,"Oct 19, 2025 14:39",63,Burster Spectre,810,771.4,7220571,545441,374496,https://www.hunt-analyser.com/hunt_sessions/38498
38628,Burster Spectre #59,"Oct 22, 2025 18:53",68,Burster Spectre,894,788.8,7392917,710338,522241,https://www.hunt-analyser.com/hunt_sessions/38628
38726,Burster Spectre #60,"Oct 24, 2025 23:16",25,Burster Spectre,320,768.0,7194960,572520,388848,https://www.hunt-analyser.com/hunt_sessions/38726
38802,Burster Spectre #61,"Oct 26, 2025 09:39",17,Burster Spectre,225,794.1,13588877,706306,534967,https://www.hunt-analyser.com/hunt_sessions/38802
40102,Buster Spectre Darashia,"Nov 21, 2025 13:22",132,Burster Spectre,984,447.3,3540501,467509,-9566,https://www.hunt-analyser.com/hunt_sessions/40102
41046,INQ Demon Forge (The Well of Souls),"Dec 11, 2025 15:40",64,Spectre,122,114.4,1419800,446086,290642,https://www.hunt-analyser.com/hunt_sessions/41046
41046,INQ Demon Forge (The Well of Souls),"Dec 11, 2025 15:40",64,Lost Soul,121,113.4,1419800,446086,290642,https://www.hunt-analyser.com/hunt_sessions/41046
41046,INQ Demon Forge (The Well of Souls),"Dec 11, 2025 15:40",64,Betrayed Wraith,78,73.1,1419800,446086,290642,https://www.hunt-analyser.com/hunt_sessions/41046
41046,INQ Demon Forge (The Well of Souls),"Dec 11, 2025 15:40",64,Phantasm,64,60.0,1419800,446086,290642,https://www.hunt-analyser.com/hunt_sessions/41046
41046,INQ Demon Forge (The Well of Souls),"Dec 11, 2025 15:40",64,Demon,20,18.8,1419800,446086,290642,https://www.hunt-analyser.com/hunt_sessions/41046
41046,INQ Demon Forge (The Well of Souls),"Dec 11, 2025 15:40",64,Undead Dragon,8,7.5,1419800,446086,290642,https://www.hunt-analyser.com/hunt_sessions/41046
41046,INQ Demon Forge (The Well of Souls),"Dec 11, 2025 15:40",64,Lich,8,7.5,1419800,446086,290642,https://www.hunt-analyser.com/hunt_sessions/41046
41046,INQ Demon Forge (The Well of Souls),"Dec 11, 2025 15:40",64,Wild Warrior,7,6.6,1419800,446086,290642,https://www.hunt-analyser.com/hunt_sessions/41046
41046,INQ Demon Forge (The Well of Souls),"Dec 11, 2025 15:40",64,Warlock,5,4.7,1419800,446086,290642,https://www.hunt-analyser.com/hunt_sessions/41046
41046,INQ Demon Forge (The Well of Souls),"Dec 11, 2025 15:40",64,Braindeath,4,3.8,1419800,446086,290642,https://www.hunt-analyser.com/hunt_sessions/41046
41046,INQ Demon Forge (The Well of Souls),"Dec 11, 2025 15:40",64,Stalker,3,2.8,1419800,446086,290642,https://www.hunt-analyser.com/hunt_sessions/41046
41046,INQ Demon Forge (The Well of Souls),"Dec 11, 2025 15:40",64,Hunter,3,2.8,1419800,446086,290642,https://www.hunt-analyser.com/hunt_sessions/41046
41046,INQ Demon Forge (The Well of Souls),"Dec 11, 2025 15:40",64,Fire Devil,2,1.9,1419800,446086,290642,https://www.hunt-analyser.com/hunt_sessions/41046
41046,INQ Demon Forge (The Well of Souls),"Dec 11, 2025 15:40",64,Dragon Hatchling,2,1.9,1419800,446086,290642,https://www.hunt-analyser.com/hunt_sessions/41046
41046,INQ Demon Forge (The Well of Souls),"Dec 11, 2025 15:40",64,Dark Magician,1,0.9,1419800,446086,290642,https://www.hunt-analyser.com/hunt_sessions/41046
41046,INQ Demon Forge (The Well of Souls),"Dec 11, 2025 15:40",64,Dark Apprentice,1,0.9,1419800,446086,290642,https://www.hunt-analyser.com/hunt_sessions/41046
43353,Burster Spectre,"Feb 07, 2026 02:46",22,Burster Spectre,199,542.7,6844279,74566,74566,https://www.hunt-analyser.com/hunt_sessions/43353
43487,Gazer Spectres,"Feb 11, 2026 23:34",58,Gazer Spectre,550,569.0,2290995,768844,-74685,https://www.hunt-analyser.com/hunt_sessions/43487
43487,Gazer Spectres,"Feb 11, 2026 23:34",58,Thanatursus,73,75.5,2290995,768844,-74685,https://www.hunt-analyser.com/hunt_sessions/43487
43487,Gazer Spectres,"Feb 11, 2026 23:34",58,Swamp Troll,6,6.2,2290995,768844,-74685,https://www.hunt-analyser.com/hunt_sessions/43487
43629,Gazers Spectres,"Feb 15, 2026 23:04",78,Gazer Spectre,448,344.6,1863973,610687,38625,https://www.hunt-analyser.com/hunt_sessions/43629
43629,Gazers Spectres,"Feb 15, 2026 23:04",78,Thanatursus,65,50.0,1863973,610687,38625,https://www.hunt-analyser.com/hunt_sessions/43629
43629,Gazers Spectres,"Feb 15, 2026 23:04",78,Slime,1,0.8,1863973,610687,38625,https://www.hunt-analyser.com/hunt_sessions/43629
43686,Gazer Spectre,"Feb 17, 2026 15:07",26,Gazer Spectre,235,542.3,3831023,547498,547497,https://www.hunt-analyser.com/hunt_sessions/43686
43686,Gazer Spectre,"Feb 17, 2026 15:07",26,Thanatursus,19,43.8,3831023,547498,547497,https://www.hunt-analyser.com/hunt_sessions/43686
43747,Ripper Spectres,"Feb 18, 2026 22:06",127,Ripper Spectre,995,470.1,2564843,1069885,270626,https://www.hunt-analyser.com/hunt_sessions/43747
43747,Ripper Spectres,"Feb 18, 2026 22:06",127,Arachnophobica,806,380.8,2564843,1069885,270626,https://www.hunt-analyser.com/hunt_sessions/43747
43747,Ripper Spectres,"Feb 18, 2026 22:06",127,Boar,4,1.9,2564843,1069885,270626,https://www.hunt-analyser.com/hunt_sessions/43747
43747,Ripper Spectres,"Feb 18, 2026 22:06",127,Wild Warrior,1,0.5,2564843,1069885,270626,https://www.hunt-analyser.com/hunt_sessions/43747
43747,Ripper Spectres,"Feb 18, 2026 22:06",127,Wasp,1,0.5,2564843,1069885,270626,https://www.hunt-analyser.com/hunt_sessions/43747
43747,Ripper Spectres,"Feb 18, 2026 22:06",127,Tarantula,1,0.5,2564843,1069885,270626,https://www.hunt-analyser.com/hunt_sessions/43747
43747,Ripper Spectres,"Feb 18, 2026 22:06",127,Hunter,1,0.5,2564843,1069885,270626,https://www.hunt-analyser.com/hunt_sessions/43747
43825,Ripper Spectres,"Feb 19, 2026 22:30",109,Ripper Spectre,691,380.4,2087816,879241,36281,https://www.hunt-analyser.com/hunt_sessions/43825
43825,Ripper Spectres,"Feb 19, 2026 22:30",109,Arachnophobica,563,309.9,2087816,879241,36281,https://www.hunt-analyser.com/hunt_sessions/43825
43825,Ripper Spectres,"Feb 19, 2026 22:30",109,Boar,5,2.8,2087816,879241,36281,https://www.hunt-analyser.com/hunt_sessions/43825
43825,Ripper Spectres,"Feb 19, 2026 22:30",109,Wasp,1,0.6,2087816,879241,36281,https://www.hunt-analyser.com/hunt_sessions/43825
43825,Ripper Spectres,"Feb 19, 2026 22:30",109,Rabbit,1,0.6,2087816,879241,36281,https://www.hunt-analyser.com/hunt_sessions/43825
44000,Burster Spectre,"Feb 24, 2026 16:53",25,Burster Spectre,223,535.2,7231356,252838,252837,https://www.hunt-analyser.com/hunt_sessions/44000
44366,PH Gazer Spectres - No Thanatursus,"Mar 04, 2026 19:34",103,Gazer Spectre,642,374.0,2492965,466777,375314,https://www.hunt-analyser.com/hunt_sessions/44366
44751,Ripper Spectres,"Mar 11, 2026 19:35",65,Ripper Spectre,477,440.3,4910050,371275,371275,https://www.hunt-analyser.com/hunt_sessions/44751
44751,Ripper Spectres,"Mar 11, 2026 19:35",65,Arachnophobica,391,360.9,4910050,371275,371275,https://www.hunt-analyser.com/hunt_sessions/44751
44753,Ripper Spectres,"Mar 11, 2026 22:02",65,Ripper Spectre,436,402.5,4408420,465151,465151,https://www.hunt-analyser.com/hunt_sessions/44753
44753,Ripper Spectres,"Mar 11, 2026 22:02",65,Arachnophobica,345,318.5,4408420,465151,465151,https://www.hunt-analyser.com/hunt_sessions/44753
44765,Ripper Spectres,"Mar 12, 2026 06:45",52,Ripper Spectre,322,371.5,4172971,396608,396608,https://www.hunt-analyser.com/hunt_sessions/44765
44765,Ripper Spectres,"Mar 12, 2026 06:45",52,Arachnophobica,268,309.2,4172971,396608,396608,https://www.hunt-analyser.com/hunt_sessions/44765
47140,Oramond Furys,"May 11, 2026 10:58",28,Fury,289,619.3,8416847,1634044,1272561,https://www.hunt-analyser.com/hunt_sessions/47140
47140,Oramond Furys,"May 11, 2026 10:58",28,Spectre,196,420.0,8416847,1634044,1272561,https://www.hunt-analyser.com/hunt_sessions/47140
47140,Oramond Furys,"May 11, 2026 10:58",28,Nightmare,159,340.7,8416847,1634044,1272561,https://www.hunt-analyser.com/hunt_sessions/47140
48828,Burster Spectres,"Jun 17, 2026 05:36",16,Burster Spectre,211,791.2,7121250,734494,553867,https://www.hunt-analyser.com/hunt_sessions/48828
49530,Gazer Spectre,"Jun 25, 2026 00:33",60,Gazer Spectre,601,601.0,4364010,916227,661515,https://www.hunt-analyser.com/hunt_sessions/49530
49530,Gazer Spectre,"Jun 25, 2026 00:33",60,Thanatursus,59,59.0,4364010,916227,661515,https://www.hunt-analyser.com/hunt_sessions/49530
50335,Gazer Spectres,"Jul 04, 2026 05:45",30,Gazer Spectre,333,666.0,12631934,944206,781334,https://www.hunt-analyser.com/hunt_sessions/50335
50335,Gazer Spectres,"Jul 04, 2026 05:45",30,Thanatursus,45,90.0,12631934,944206,781334,https://www.hunt-analyser.com/hunt_sessions/50335
50336,Burster Spectres,"Jul 04, 2026 05:08",30,Burster Spectre,391,782.0,17608500,722878,546422,https://www.hunt-analyser.com/hunt_sessions/50336
50607,buster spectre,"Jul 07, 2026 14:01",40,Burster Spectre,165,247.5,2230200,50034,50034,https://www.hunt-analyser.com/hunt_sessions/50607
50735,Ripper Spectre,"Jul 08, 2026 23:43",60,Ripper Spectre,498,498.0,5688525,985002,639575,https://www.hunt-analyser.com/hunt_sessions/50735
50735,Ripper Spectre,"Jul 08, 2026 23:43",60,Arachnophobica,420,420.0,5688525,985002,639575,https://www.hunt-analyser.com/hunt_sessions/50735
50796,Ripper Spectre,"Jul 09, 2026 10:44",42,Ripper Spectre,439,627.1,8145711,1512577,1341082,https://www.hunt-analyser.com/hunt_sessions/50796
50796,Ripper Spectre,"Jul 09, 2026 10:44",42,Arachnophobica,367,524.3,8145711,1512577,1341082,https://www.hunt-analyser.com/hunt_sessions/50796
51201,Ripper Spectre,"Jul 14, 2026 04:37",34,Ripper Spectre,338,596.5,7906976,1349739,1140737,https://www.hunt-analyser.com/hunt_sessions/51201
51201,Ripper Spectre,"Jul 14, 2026 04:37",34,Arachnophobica,293,517.1,7906976,1349739,1140737,https://www.hunt-analyser.com/hunt_sessions/51201
51391,Ripper Spectre,"Jul 16, 2026 08:52",55,Ripper Spectre,576,628.4,8171478,1477480,1293648,https://www.hunt-analyser.com/hunt_sessions/51391
51391,Ripper Spectre,"Jul 16, 2026 08:52",55,Arachnophobica,479,522.5,8171478,1477480,1293648,https://www.hunt-analyser.com/hunt_sessions/51391
52068,Ripper Spectre,"Jul 25, 2026 05:53",32,Ripper Spectre,350,656.2,9691329,2082504,1903822,https://www.hunt-analyser.com/hunt_sessions/52068
52068,Ripper Spectre,"Jul 25, 2026 05:53",32,Arachnophobica,285,534.4,9691329,2082504,1903822,https://www.hunt-analyser.com/hunt_sessions/52068
53031,Burster Spectres,"Aug 05, 2026 13:05",42,Burster Spectre,555,792.9,7030022,805934,630128,https://www.hunt-analyser.com/hunt_sessions/53031
53132,Ripper Spectre,"Aug 06, 2026 13:02",13,Ripper Spectre,88,406.2,7386466,1047849,838384,https://www.hunt-analyser.com/hunt_sessions/53132
53132,Ripper Spectre,"Aug 06, 2026 13:02",13,Arachnophobica,73,336.9,7386466,1047849,838384,https://www.hunt-analyser.com/hunt_sessions/53132
53149,GAZER SPECTRE +21% DMG BOUNTY,"Aug 06, 2026 16:21",47,Gazer Spectre,490,625.5,9713439,888391,888390,https://www.hunt-analyser.com/hunt_sessions/53149
53149,GAZER SPECTRE +21% DMG BOUNTY,"Aug 06, 2026 16:21",47,Thanatursus,63,80.4,9713439,888391,888390,https://www.hunt-analyser.com/hunt_sessions/53149
53617,Burster Spectre,"Aug 12, 2026 01:52",60,Burster Spectre,612,612.0,3677400,446932,78019,https://www.hunt-analyser.com/hunt_sessions/53617
41547,carlin cults druid,"Dec 22, 2025 21:09",41,Cult Believer,104,152.2,540638,-46054,-46054,https://www.hunt-analyser.com/hunt_sessions/41547
41547,carlin cults druid,"Dec 22, 2025 21:09",41,Vicious Squire,57,83.4,540638,-46054,-46054,https://www.hunt-analyser.com/hunt_sessions/41547
41547,carlin cults druid,"Dec 22, 2025 21:09",41,Renegade Knight,49,71.7,540638,-46054,-46054,https://www.hunt-analyser.com/hunt_sessions/41547
41547,carlin cults druid,"Dec 22, 2025 21:09",41,Vile Grandmaster,20,29.3,540638,-46054,-46054,https://www.hunt-analyser.com/hunt_sessions/41547
41547,carlin cults druid,"Dec 22, 2025 21:09",41,Cult Enforcer,12,17.6,540638,-46054,-46054,https://www.hunt-analyser.com/hunt_sessions/41547
41547,carlin cults druid,"Dec 22, 2025 21:09",41,Cult Scholar,5,7.3,540638,-46054,-46054,https://www.hunt-analyser.com/hunt_sessions/41547
44399,Cults Carlin,"Mar 05, 2026 17:44",9,Cult Believer,65,433.3,1962726,86000,-70507,https://www.hunt-analyser.com/hunt_sessions/44399
44399,Cults Carlin,"Mar 05, 2026 17:44",9,Vicious Squire,45,300.0,1962726,86000,-70507,https://www.hunt-analyser.com/hunt_sessions/44399
44399,Cults Carlin,"Mar 05, 2026 17:44",9,Renegade Knight,39,260.0,1962726,86000,-70507,https://www.hunt-analyser.com/hunt_sessions/44399
44399,Cults Carlin,"Mar 05, 2026 17:44",9,Cult Enforcer,27,180.0,1962726,86000,-70507,https://www.hunt-analyser.com/hunt_sessions/44399
44399,Cults Carlin,"Mar 05, 2026 17:44",9,Vile Grandmaster,18,120.0,1962726,86000,-70507,https://www.hunt-analyser.com/hunt_sessions/44399
53070,Cults Carlin,"Aug 05, 2026 22:45",28,Vicious Squire,138,295.7,1684446,70037,70037,https://www.hunt-analyser.com/hunt_sessions/53070
53070,Cults Carlin,"Aug 05, 2026 22:45",28,Cult Believer,123,263.6,1684446,70037,70037,https://www.hunt-analyser.com/hunt_sessions/53070
53070,Cults Carlin,"Aug 05, 2026 22:45",28,Renegade Knight,99,212.1,1684446,70037,70037,https://www.hunt-analyser.com/hunt_sessions/53070
53070,Cults Carlin,"Aug 05, 2026 22:45",28,Cult Enforcer,76,162.9,1684446,70037,70037,https://www.hunt-analyser.com/hunt_sessions/53070
53070,Cults Carlin,"Aug 05, 2026 22:45",28,Vile Grandmaster,67,143.6,1684446,70037,70037,https://www.hunt-analyser.com/hunt_sessions/53070
40531,Lizard City,"Nov 30, 2025 10:17",121,Lizard High Guard,436,216.2,673620,56018,-26591,https://www.hunt-analyser.com/hunt_sessions/40531
40531,Lizard City,"Nov 30, 2025 10:17",121,Lizard Legionnaire,164,81.3,673620,56018,-26591,https://www.hunt-analyser.com/hunt_sessions/40531
40531,Lizard City,"Nov 30, 2025 10:17",121,Lizard Dragon Priest,63,31.2,673620,56018,-26591,https://www.hunt-analyser.com/hunt_sessions/40531
40531,Lizard City,"Nov 30, 2025 10:17",121,Lizard Zaogun,7,3.5,673620,56018,-26591,https://www.hunt-analyser.com/hunt_sessions/40531
41129,Lizards,"Dec 13, 2025 09:43",32,Lizard High Guard,22,41.2,153217,11798,-4178,https://www.hunt-analyser.com/hunt_sessions/41129
41129,Lizards,"Dec 13, 2025 09:43",32,Lizard Legionnaire,20,37.5,153217,11798,-4178,https://www.hunt-analyser.com/hunt_sessions/41129
41129,Lizards,"Dec 13, 2025 09:43",32,Lancer Beetle,1,1.9,153217,11798,-4178,https://www.hunt-analyser.com/hunt_sessions/41129
41129,Lizards,"Dec 13, 2025 09:43",32,Dragon,1,1.9,153217,11798,-4178,https://www.hunt-analyser.com/hunt_sessions/41129
53845,Crypt Warrior,"Aug 14, 2026 01:08",60,Crypt Warrior,712,712.0,13899284,464720,464720,https://www.hunt-analyser.com/hunt_sessions/53845
52059,Vampire Crypt (Edron),"Jul 25, 2026 00:41",57,Vampire Bride,423,445.3,1376977,394573,367134,https://www.hunt-analyser.com/hunt_sessions/52059
52059,Vampire Crypt (Edron),"Jul 25, 2026 00:41",57,Vampire Viscount,360,378.9,1376977,394573,367134,https://www.hunt-analyser.com/hunt_sessions/52059
52059,Vampire Crypt (Edron),"Jul 25, 2026 00:41",57,Vampire,336,353.7,1376977,394573,367134,https://www.hunt-analyser.com/hunt_sessions/52059
52059,Vampire Crypt (Edron),"Jul 25, 2026 00:41",57,Snake,9,9.5,1376977,394573,367134,https://www.hunt-analyser.com/hunt_sessions/52059
52059,Vampire Crypt (Edron),"Jul 25, 2026 00:41",57,Wyvern,2,2.1,1376977,394573,367134,https://www.hunt-analyser.com/hunt_sessions/52059
52059,Vampire Crypt (Edron),"Jul 25, 2026 00:41",57,Wolf,2,2.1,1376977,394573,367134,https://www.hunt-analyser.com/hunt_sessions/52059
52059,Vampire Crypt (Edron),"Jul 25, 2026 00:41",57,Wisp,2,2.1,1376977,394573,367134,https://www.hunt-analyser.com/hunt_sessions/52059
52059,Vampire Crypt (Edron),"Jul 25, 2026 00:41",57,Rabbit,1,1.1,1376977,394573,367134,https://www.hunt-analyser.com/hunt_sessions/52059
52059,Vampire Crypt (Edron),"Jul 25, 2026 00:41",57,Deer,1,1.1,1376977,394573,367134,https://www.hunt-analyser.com/hunt_sessions/52059
52560,Edron Vampire Crypts,"Jul 31, 2026 11:55",37,Vampire,74,120.0,323414,62528,21496,https://www.hunt-analyser.com/hunt_sessions/52560
52560,Edron Vampire Crypts,"Jul 31, 2026 11:55",37,Necromancer,70,113.5,323414,62528,21496,https://www.hunt-analyser.com/hunt_sessions/52560
52560,Edron Vampire Crypts,"Jul 31, 2026 11:55",37,Bonebeast,68,110.3,323414,62528,21496,https://www.hunt-analyser.com/hunt_sessions/52560
52560,Edron Vampire Crypts,"Jul 31, 2026 11:55",37,Demon Skeleton,31,50.3,323414,62528,21496,https://www.hunt-analyser.com/hunt_sessions/52560
52560,Edron Vampire Crypts,"Jul 31, 2026 11:55",37,Vampire Bride,13,21.1,323414,62528,21496,https://www.hunt-analyser.com/hunt_sessions/52560
52560,Edron Vampire Crypts,"Jul 31, 2026 11:55",37,Vampire Viscount,11,17.8,323414,62528,21496,https://www.hunt-analyser.com/hunt_sessions/52560
